joint,x,y,z
1,0.0,0.0,0.0
2,0.0,0.0,9.0
3,0.0,0.0,15.0
4,0.0,7.700000000000001,0.0
5,0.0,7.700000000000001,9.0
6,0.0,7.700000000000001,15.0
7,0.0,15.400000000000002,0.0
8,0.0,15.400000000000002,9.0
9,0.0,15.400000000000002,15.0
10,0.0,24.0,0.0
11,0.0,24.0,9.0
12,0.0,24.0,15.0
19,0.0,31.7,0.0
20,0.0,31.7,9.0
21,0.0,31.7,15.0
22,0.0,39.4,0.0
23,0.0,39.4,9.0
24,0.0,39.4,15.0
25,2.6999999999999997,0.0,15.0
26,11.0,0.0,15.0
27,14.699999999999998,0.0,15.0
28,18.4,0.0,15.0
29,26.700000000000003,0.0,15.0
30,29.4,0.0,15.0
31,2.6999999999999997,0.0,0.0
32,2.6999999999999997,0.0,9.0
33,11.0,0.0,0.0
34,11.0,0.0,9.0
35,14.699999999999998,0.0,0.0
36,14.699999999999998,0.0,9.0
37,18.4,0.0,0.0
38,18.4,0.0,9.0
39,26.700000000000003,0.0,0.0
40,26.700000000000003,0.0,9.0
41,29.4,0.0,0.0
42,29.4,0.0,9.0
43,2.7,7.700000000000001,0.0
44,2.7,7.700000000000001,9.0
45,2.7,7.700000000000001,15.0
46,2.7,15.400000000000002,0.0
47,2.7,15.400000000000002,9.0
48,2.7,15.400000000000002,15.0
49,2.7,24.0,0.0
50,2.7,24.0,9.0
51,2.7,24.0,15.0
52,2.7,31.7,0.0
53,2.7,31.7,9.0
54,2.7,31.7,15.0
55,2.7,39.4,15.0
56,2.7,39.4,9.0
57,11.0,7.700000000000001,0.0
58,11.0,7.700000000000001,9.0
59,11.0,7.700000000000001,15.0
60,11.0,15.400000000000002,0.0
61,11.0,15.400000000000002,9.0
62,11.0,15.400000000000002,15.0
63,11.0,24.0,0.0
64,11.0,24.0,9.0
65,11.0,24.0,15.0
66,11.0,31.7,0.0
67,11.0,31.7,9.0
68,11.0,31.7,15.0
69,11.0,39.4,15.0
70,11.0,39.4,9.0
71,14.7,7.700000000000001,0.0
72,14.7,7.700000000000001,9.0
73,14.7,7.700000000000001,15.0
74,14.7,15.400000000000002,0.0
75,14.7,15.400000000000002,9.0
76,14.7,15.400000000000002,15.0
77,14.7,24.0,0.0
78,14.7,24.0,9.0
79,14.7,24.0,15.0
80,14.7,31.7,0.0
81,14.7,31.7,9.0
82,14.7,31.7,15.0
83,14.7,39.4,15.0
84,14.7,39.4,9.0
85,18.4,7.700000000000001,0.0
86,18.4,7.700000000000001,9.0
87,18.4,7.700000000000001,15.0
88,18.4,15.400000000000002,0.0
89,18.4,15.400000000000002,9.0
90,18.4,15.400000000000002,15.0
91,18.4,24.0,0.0
92,18.4,24.0,9.0
93,18.4,24.0,15.0
94,18.4,31.7,0.0
95,18.4,31.7,9.0
96,18.4,31.7,15.0
97,18.4,39.4,15.0
98,18.4,39.4,9.0
99,26.7,7.700000000000001,0.0
100,26.7,7.700000000000001,9.0
101,26.7,7.700000000000001,15.0
102,26.7,15.400000000000002,0.0
103,26.7,15.400000000000002,9.0
104,26.7,15.400000000000002,15.0
105,26.7,24.0,0.0
106,26.7,24.0,9.0
107,26.7,24.0,15.0
108,26.7,31.7,0.0
109,26.7,31.7,9.0
110,26.7,31.7,15.0
111,26.7,39.4,15.0
112,26.7,39.4,9.0
113,29.4,7.700000000000001,0.0
114,29.4,7.700000000000001,9.0
115,29.4,7.700000000000001,15.0
116,29.4,15.400000000000002,0.0
117,29.4,15.400000000000002,9.0
118,29.4,15.400000000000002,15.0
119,29.4,24.0,0.0
120,29.4,24.0,9.0
121,29.4,24.0,15.0
122,29.4,31.7,0.0
123,29.4,31.7,9.0
124,29.4,31.7,15.0
125,29.4,39.4,15.0
126,29.4,39.4,9.0
127,2.6999999999999997,39.4,0.0
128,11.0,39.4,0.0
129,14.699999999999998,39.4,0.0
130,18.4,39.4,0.0
131,26.700000000000003,39.4,0.0
132,29.4,39.4,0.0
133,0.0,0.0,21.0
134,0.0,7.700000000000001,21.0
135,0.0,15.400000000000002,21.0
136,0.0,24.0,21.0
137,0.0,31.7,21.0
138,0.0,39.4,21.0
139,2.6999999999999997,0.0,21.0
140,11.0,0.0,21.0
141,14.699999999999998,0.0,21.0
142,18.4,0.0,21.0
143,26.700000000000003,0.0,21.0
144,29.4,0.0,21.0
145,2.7,7.700000000000001,21.0
146,2.7,15.400000000000002,21.0
147,2.7,24.0,21.0
148,2.7,31.7,21.0
149,2.7,39.4,21.0
150,11.0,7.700000000000001,21.0
151,11.0,15.400000000000002,21.0
152,11.0,24.0,21.0
153,11.0,31.7,21.0
154,11.0,39.4,21.0
155,14.7,7.700000000000001,21.0
156,14.7,15.400000000000002,21.0
157,14.7,24.0,21.0
158,14.7,31.7,21.0
159,14.7,39.4,21.0
160,18.4,7.700000000000001,21.0
161,18.4,15.400000000000002,21.0
162,18.4,24.0,21.0
163,18.4,31.7,21.0
164,18.4,39.4,21.0
165,26.7,7.700000000000001,21.0
166,26.7,15.400000000000002,21.0
167,26.7,24.0,21.0
168,26.7,31.7,21.0
169,26.7,39.4,21.0
170,29.4,7.700000000000001,21.0
171,29.4,15.400000000000002,21.0
172,29.4,24.0,21.0
173,29.4,31.7,21.0
174,29.4,39.4,21.0
175,0.0,0.0,27.0
176,0.0,7.700000000000001,27.0
177,0.0,15.400000000000002,27.0
178,0.0,24.0,27.0
179,0.0,31.7,27.0
180,0.0,39.4,27.0
181,2.6999999999999997,0.0,27.0
182,11.0,0.0,27.0
183,14.699999999999998,0.0,27.0
184,18.4,0.0,27.0
185,26.700000000000003,0.0,27.0
186,29.4,0.0,27.0
187,2.7,7.700000000000001,27.0
188,2.7,15.400000000000002,27.0
189,2.7,24.0,27.0
190,2.7,31.7,27.0
191,2.7,39.4,27.0
192,11.0,7.700000000000001,27.0
193,11.0,15.400000000000002,27.0
194,11.0,24.0,27.0
195,11.0,31.7,27.0
196,11.0,39.4,27.0
197,14.7,7.700000000000001,27.0
198,14.7,15.400000000000002,27.0
199,14.7,24.0,27.0
200,14.7,31.7,27.0
201,14.7,39.4,27.0
202,18.4,7.700000000000001,27.0
203,18.4,15.400000000000002,27.0
204,18.4,24.0,27.0
205,18.4,31.7,27.0
206,18.4,39.4,27.0
207,26.7,7.700000000000001,27.0
208,26.7,15.400000000000002,27.0
209,26.7,24.0,27.0
210,26.7,31.7,27.0
211,26.7,39.4,27.0
212,29.4,7.700000000000001,27.0
213,29.4,15.400000000000002,27.0
214,29.4,24.0,27.0
215,29.4,31.7,27.0
216,29.4,39.4,27.0
217,0.0,0.0,33.0
218,0.0,7.700000000000001,33.0
219,0.0,15.400000000000002,33.0
220,0.0,24.0,33.0
221,0.0,31.7,33.0
222,0.0,39.4,33.0
223,2.6999999999999997,0.0,33.0
224,11.0,0.0,33.0
225,14.699999999999998,0.0,33.0
226,18.4,0.0,33.0
227,26.700000000000003,0.0,33.0
228,29.4,0.0,33.0
229,2.7,7.700000000000001,33.0
230,2.7,15.400000000000002,33.0
231,2.7,24.0,33.0
232,2.7,31.7,33.0
233,2.7,39.4,33.0
234,11.0,7.700000000000001,33.0
235,11.0,15.400000000000002,33.0
236,11.0,24.0,33.0
237,11.0,31.7,33.0
238,11.0,39.4,33.0
239,14.7,7.700000000000001,33.0
240,14.7,15.400000000000002,33.0
241,14.7,24.0,33.0
242,14.7,31.7,33.0
243,14.7,39.4,33.0
244,18.4,7.700000000000001,33.0
245,18.4,15.400000000000002,33.0
246,18.4,24.0,33.0
247,18.4,31.7,33.0
248,18.4,39.4,33.0
249,26.7,7.700000000000001,33.0
250,26.7,15.400000000000002,33.0
251,26.7,24.0,33.0
252,26.7,31.7,33.0
253,26.7,39.4,33.0
254,29.4,7.700000000000001,33.0
255,29.4,15.400000000000002,33.0
256,29.4,24.0,33.0
257,29.4,31.7,33.0
258,29.4,39.4,33.0
259,0.0,0.0,39.0
260,0.0,7.700000000000001,39.0
261,0.0,15.400000000000002,39.0
262,0.0,24.0,39.0
263,0.0,31.7,39.0
264,0.0,39.4,39.0
265,2.6999999999999997,0.0,39.0
266,11.0,0.0,39.0
267,14.699999999999998,0.0,39.0
268,18.4,0.0,39.0
269,26.700000000000003,0.0,39.0
270,29.4,0.0,39.0
271,2.7,7.700000000000001,39.0
272,2.7,15.400000000000002,39.0
273,2.7,24.0,39.0
274,2.7,31.7,39.0
275,2.7,39.4,39.0
276,11.0,7.700000000000001,39.0
277,11.0,15.400000000000002,39.0
278,11.0,24.0,39.0
279,11.0,31.7,39.0
280,11.0,39.4,39.0
281,14.7,7.700000000000001,39.0
282,14.7,15.400000000000002,39.0
283,14.7,24.0,39.0
284,14.7,31.7,39.0
285,14.7,39.4,39.0
286,18.4,7.700000000000001,39.0
287,18.4,15.400000000000002,39.0
288,18.4,24.0,39.0
289,18.4,31.7,39.0
290,18.4,39.4,39.0
291,26.7,7.700000000000001,39.0
292,26.7,15.400000000000002,39.0
293,26.7,24.0,39.0
294,26.7,31.7,39.0
295,26.7,39.4,39.0
296,29.4,7.700000000000001,39.0
297,29.4,15.400000000000002,39.0
298,29.4,24.0,39.0
299,29.4,31.7,39.0
300,29.4,39.4,39.0
301,0.0,0.0,45.0
302,0.0,7.700000000000001,45.0
303,0.0,15.400000000000002,45.0
304,0.0,24.0,45.0
305,0.0,31.7,45.0
306,0.0,39.4,45.0
307,2.6999999999999997,0.0,45.0
308,11.0,0.0,45.0
309,14.699999999999998,0.0,45.0
310,18.4,0.0,45.0
311,26.700000000000003,0.0,45.0
312,29.4,0.0,45.0
313,2.7,7.700000000000001,45.0
314,2.7,15.400000000000002,45.0
315,2.7,24.0,45.0
316,2.7,31.7,45.0
317,2.7,39.4,45.0
318,11.0,7.700000000000001,45.0
319,11.0,15.400000000000002,45.0
320,11.0,24.0,45.0
321,11.0,31.7,45.0
322,11.0,39.4,45.0
323,14.7,7.700000000000001,45.0
324,14.7,15.400000000000002,45.0
325,14.7,24.0,45.0
326,14.7,31.7,45.0
327,14.7,39.4,45.0
328,18.4,7.700000000000001,45.0
329,18.4,15.400000000000002,45.0
330,18.4,24.0,45.0
331,18.4,31.7,45.0
332,18.4,39.4,45.0
333,26.7,7.700000000000001,45.0
334,26.7,15.400000000000002,45.0
335,26.7,24.0,45.0
336,26.7,31.7,45.0
337,26.7,39.4,45.0
338,29.4,7.700000000000001,45.0
339,29.4,15.400000000000002,45.0
340,29.4,24.0,45.0
341,29.4,31.7,45.0
342,29.4,39.4,45.0
343,0.0,0.0,51.0
344,0.0,7.700000000000001,51.0
345,0.0,15.400000000000002,51.0
346,0.0,24.0,51.0
347,0.0,31.7,51.0
348,0.0,39.4,51.0
349,2.6999999999999997,0.0,51.0
350,11.0,0.0,51.0
351,14.699999999999998,0.0,51.0
352,18.4,0.0,51.0
353,26.700000000000003,0.0,51.0
354,29.4,0.0,51.0
355,2.7,7.700000000000001,51.0
356,2.7,15.400000000000002,51.0
357,2.7,24.0,51.0
358,2.7,31.7,51.0
359,2.7,39.4,51.0
360,11.0,7.700000000000001,51.0
361,11.0,15.400000000000002,51.0
362,11.0,24.0,51.0
363,11.0,31.7,51.0
364,11.0,39.4,51.0
365,14.7,7.700000000000001,51.0
366,14.7,15.400000000000002,51.0
367,14.7,24.0,51.0
368,14.7,31.7,51.0
369,14.7,39.4,51.0
370,18.4,7.700000000000001,51.0
371,18.4,15.400000000000002,51.0
372,18.4,24.0,51.0
373,18.4,31.7,51.0
374,18.4,39.4,51.0
375,26.7,7.700000000000001,51.0
376,26.7,15.400000000000002,51.0
377,26.7,24.0,51.0
378,26.7,31.7,51.0
379,26.7,39.4,51.0
380,29.4,7.700000000000001,51.0
381,29.4,15.400000000000002,51.0
382,29.4,24.0,51.0
383,29.4,31.7,51.0
384,29.4,39.4,51.0
385,0.0,0.0,57.0
386,0.0,7.700000000000001,57.0
387,0.0,15.400000000000002,57.0
388,0.0,24.0,57.0
389,0.0,31.7,57.0
390,0.0,39.4,57.0
391,2.6999999999999997,0.0,57.0
392,11.0,0.0,57.0
393,14.699999999999998,0.0,57.0
394,18.4,0.0,57.0
395,26.700000000000003,0.0,57.0
396,29.4,0.0,57.0
397,2.7,7.700000000000001,57.0
398,2.7,15.400000000000002,57.0
399,2.7,24.0,57.0
400,2.7,31.7,57.0
401,2.7,39.4,57.0
402,11.0,7.700000000000001,57.0
403,11.0,15.400000000000002,57.0
404,11.0,24.0,57.0
405,11.0,31.7,57.0
406,11.0,39.4,57.0
407,14.7,7.700000000000001,57.0
408,14.7,15.400000000000002,57.0
409,14.7,24.0,57.0
410,14.7,31.7,57.0
411,14.7,39.4,57.0
412,18.4,7.700000000000001,57.0
413,18.4,15.400000000000002,57.0
414,18.4,24.0,57.0
415,18.4,31.7,57.0
416,18.4,39.4,57.0
417,26.7,7.700000000000001,57.0
418,26.7,15.400000000000002,57.0
419,26.7,24.0,57.0
420,26.7,31.7,57.0
421,26.7,39.4,57.0
422,29.4,7.700000000000001,57.0
423,29.4,15.400000000000002,57.0
424,29.4,24.0,57.0
425,29.4,31.7,57.0
426,29.4,39.4,57.0
427,0.0,0.0,63.0
428,0.0,7.700000000000001,63.0
429,0.0,15.400000000000002,63.0
430,0.0,24.0,63.0
431,0.0,31.7,63.0
432,0.0,39.4,63.0
433,2.6999999999999997,0.0,63.0
434,11.0,0.0,63.0
435,14.699999999999998,0.0,63.0
436,18.4,0.0,63.0
437,26.700000000000003,0.0,63.0
438,29.4,0.0,63.0
439,2.7,7.700000000000001,63.0
440,2.7,15.400000000000002,63.0
441,2.7,24.0,63.0
442,2.7,31.7,63.0
443,2.7,39.4,63.0
444,11.0,7.700000000000001,63.0
445,11.0,15.400000000000002,63.0
446,11.0,24.0,63.0
447,11.0,31.7,63.0
448,11.0,39.4,63.0
449,14.7,7.700000000000001,63.0
450,14.7,15.400000000000002,63.0
451,14.7,24.0,63.0
452,14.7,31.7,63.0
453,14.7,39.4,63.0
454,18.4,7.700000000000001,63.0
455,18.4,15.400000000000002,63.0
456,18.4,24.0,63.0
457,18.4,31.7,63.0
458,18.4,39.4,63.0
459,26.7,7.700000000000001,63.0
460,26.7,15.400000000000002,63.0
461,26.7,24.0,63.0
462,26.7,31.7,63.0
463,26.7,39.4,63.0
464,29.4,7.700000000000001,63.0
465,29.4,15.400000000000002,63.0
466,29.4,24.0,63.0
467,29.4,31.7,63.0
468,29.4,39.4,63.0
469,0.0,0.0,69.0
470,0.0,7.700000000000001,69.0
471,0.0,15.400000000000002,69.0
472,0.0,24.0,69.0
473,0.0,31.7,69.0
474,0.0,39.4,69.0
475,2.6999999999999997,0.0,69.0
476,11.0,0.0,69.0
477,14.699999999999998,0.0,69.0
478,18.4,0.0,69.0
479,26.700000000000003,0.0,69.0
480,29.4,0.0,69.0
481,2.7,7.700000000000001,69.0
482,2.7,15.400000000000002,69.0
483,2.7,24.0,69.0
484,2.7,31.7,69.0
485,2.7,39.4,69.0
486,11.0,7.700000000000001,69.0
487,11.0,15.400000000000002,69.0
488,11.0,24.0,69.0
489,11.0,31.7,69.0
490,11.0,39.4,69.0
491,14.7,7.700000000000001,69.0
492,14.7,15.400000000000002,69.0
493,14.7,24.0,69.0
494,14.7,31.7,69.0
495,14.7,39.4,69.0
496,18.4,7.700000000000001,69.0
497,18.4,15.400000000000002,69.0
498,18.4,24.0,69.0
499,18.4,31.7,69.0
500,18.4,39.4,69.0
501,26.7,7.700000000000001,69.0
502,26.7,15.400000000000002,69.0
503,26.7,24.0,69.0
504,26.7,31.7,69.0
505,26.7,39.4,69.0
506,29.4,7.700000000000001,69.0
507,29.4,15.400000000000002,69.0
508,29.4,24.0,69.0
509,29.4,31.7,69.0
510,29.4,39.4,69.0
511,0.0,0.0,75.0
512,0.0,7.700000000000001,75.0
513,0.0,15.400000000000002,75.0
514,0.0,24.0,75.0
515,0.0,31.7,75.0
516,0.0,39.4,75.0
517,2.6999999999999997,0.0,75.0
518,11.0,0.0,75.0
519,14.699999999999998,0.0,75.0
520,18.4,0.0,75.0
521,26.700000000000003,0.0,75.0
522,29.4,0.0,75.0
523,2.7,7.700000000000001,75.0
524,2.7,15.400000000000002,75.0
525,2.7,24.0,75.0
526,2.7,31.7,75.0
527,2.7,39.4,75.0
528,11.0,7.700000000000001,75.0
529,11.0,15.400000000000002,75.0
530,11.0,24.0,75.0
531,11.0,31.7,75.0
532,11.0,39.4,75.0
533,14.7,7.700000000000001,75.0
534,14.7,15.400000000000002,75.0
535,14.7,24.0,75.0
536,14.7,31.7,75.0
537,14.7,39.4,75.0
538,18.4,7.700000000000001,75.0
539,18.4,15.400000000000002,75.0
540,18.4,24.0,75.0
541,18.4,31.7,75.0
542,18.4,39.4,75.0
543,26.7,7.700000000000001,75.0
544,26.7,15.400000000000002,75.0
545,26.7,24.0,75.0
546,26.7,31.7,75.0
547,26.7,39.4,75.0
548,29.4,7.700000000000001,75.0
549,29.4,15.400000000000002,75.0
550,29.4,24.0,75.0
551,29.4,31.7,75.0
552,29.4,39.4,75.0
553,0.0,0.0,81.0
554,0.0,7.700000000000001,81.0
555,0.0,15.400000000000002,81.0
556,0.0,24.0,81.0
557,0.0,31.7,81.0
558,0.0,39.4,81.0
559,2.6999999999999997,0.0,81.0
560,11.0,0.0,81.0
561,14.699999999999998,0.0,81.0
562,18.4,0.0,81.0
563,26.700000000000003,0.0,81.0
564,29.4,0.0,81.0
565,2.7,7.700000000000001,81.0
566,2.7,15.400000000000002,81.0
567,2.7,24.0,81.0
568,2.7,31.7,81.0
569,2.7,39.4,81.0
570,11.0,7.700000000000001,81.0
571,11.0,15.400000000000002,81.0
572,11.0,24.0,81.0
573,11.0,31.7,81.0
574,11.0,39.4,81.0
575,14.7,7.700000000000001,81.0
576,14.7,15.400000000000002,81.0
577,14.7,24.0,81.0
578,14.7,31.7,81.0
579,14.7,39.4,81.0
580,18.4,7.700000000000001,81.0
581,18.4,15.400000000000002,81.0
582,18.4,24.0,81.0
583,18.4,31.7,81.0
584,18.4,39.4,81.0
585,26.7,7.700000000000001,81.0
586,26.7,15.400000000000002,81.0
587,26.7,24.0,81.0
588,26.7,31.7,81.0
589,26.7,39.4,81.0
590,29.4,7.700000000000001,81.0
591,29.4,15.400000000000002,81.0
592,29.4,24.0,81.0
593,29.4,31.7,81.0
594,29.4,39.4,81.0
595,0.0,0.0,87.0
596,0.0,7.700000000000001,87.0
597,0.0,15.400000000000002,87.0
598,0.0,24.0,87.0
599,0.0,31.7,87.0
600,0.0,39.4,87.0
601,2.6999999999999997,0.0,87.0
602,11.0,0.0,87.0
603,14.699999999999998,0.0,87.0
604,18.4,0.0,87.0
605,26.700000000000003,0.0,87.0
606,29.4,0.0,87.0
607,2.7,7.700000000000001,87.0
608,2.7,15.400000000000002,87.0
609,2.7,24.0,87.0
610,2.7,31.7,87.0
611,2.7,39.4,87.0
612,11.0,7.700000000000001,87.0
613,11.0,15.400000000000002,87.0
614,11.0,24.0,87.0
615,11.0,31.7,87.0
616,11.0,39.4,87.0
617,14.7,7.700000000000001,87.0
618,14.7,15.400000000000002,87.0
619,14.7,24.0,87.0
620,14.7,31.7,87.0
621,14.7,39.4,87.0
622,18.4,7.700000000000001,87.0
623,18.4,15.400000000000002,87.0
624,18.4,24.0,87.0
625,18.4,31.7,87.0
626,18.4,39.4,87.0
627,26.7,7.700000000000001,87.0
628,26.7,15.400000000000002,87.0
629,26.7,24.0,87.0
630,26.7,31.7,87.0
631,26.7,39.4,87.0
632,29.4,7.700000000000001,87.0
633,29.4,15.400000000000002,87.0
634,29.4,24.0,87.0
635,29.4,31.7,87.0
636,29.4,39.4,87.0
637,0.0,0.0,93.0
638,0.0,7.700000000000001,93.0
639,0.0,15.400000000000002,93.0
640,0.0,24.0,93.0
641,0.0,31.7,93.0
642,0.0,39.4,93.0
643,2.6999999999999997,0.0,93.0
644,11.0,0.0,93.0
645,14.699999999999998,0.0,93.0
646,18.4,0.0,93.0
647,26.700000000000003,0.0,93.0
648,29.4,0.0,93.0
649,2.7,7.700000000000001,93.0
650,2.7,15.400000000000002,93.0
651,2.7,24.0,93.0
652,2.7,31.7,93.0
653,2.7,39.4,93.0
654,11.0,7.700000000000001,93.0
655,11.0,15.400000000000002,93.0
656,11.0,24.0,93.0
657,11.0,31.7,93.0
658,11.0,39.4,93.0
659,14.7,7.700000000000001,93.0
660,14.7,15.400000000000002,93.0
661,14.7,24.0,93.0
662,14.7,31.7,93.0
663,14.7,39.4,93.0
664,18.4,7.700000000000001,93.0
665,18.4,15.400000000000002,93.0
666,18.4,24.0,93.0
667,18.4,31.7,93.0
668,18.4,39.4,93.0
669,26.7,7.700000000000001,93.0
670,26.7,15.400000000000002,93.0
671,26.7,24.0,93.0
672,26.7,31.7,93.0
673,26.7,39.4,93.0
674,29.4,7.700000000000001,93.0
675,29.4,15.400000000000002,93.0
676,29.4,24.0,93.0
677,29.4,31.7,93.0
678,29.4,39.4,93.0
679,0.0,0.0,99.0
680,0.0,7.700000000000001,99.0
681,0.0,15.400000000000002,99.0
682,0.0,24.0,99.0
683,0.0,31.7,99.0
684,0.0,39.4,99.0
685,2.6999999999999997,0.0,99.0
686,11.0,0.0,99.0
687,14.699999999999998,0.0,99.0
688,18.4,0.0,99.0
689,26.700000000000003,0.0,99.0
690,29.4,0.0,99.0
691,2.7,7.700000000000001,99.0
692,2.7,15.400000000000002,99.0
693,2.7,24.0,99.0
694,2.7,31.7,99.0
695,2.7,39.4,99.0
696,11.0,7.700000000000001,99.0
697,11.0,15.400000000000002,99.0
698,11.0,24.0,99.0
699,11.0,31.7,99.0
700,11.0,39.4,99.0
701,14.7,7.700000000000001,99.0
702,14.7,15.400000000000002,99.0
703,14.7,24.0,99.0
704,14.7,31.7,99.0
705,14.7,39.4,99.0
706,18.4,7.700000000000001,99.0
707,18.4,15.400000000000002,99.0
708,18.4,24.0,99.0
709,18.4,31.7,99.0
710,18.4,39.4,99.0
711,26.7,7.700000000000001,99.0
712,26.7,15.400000000000002,99.0
713,26.7,24.0,99.0
714,26.7,31.7,99.0
715,26.7,39.4,99.0
716,29.4,7.700000000000001,99.0
717,29.4,15.400000000000002,99.0
718,29.4,24.0,99.0
719,29.4,31.7,99.0
720,29.4,39.4,99.0
721,0.0,0.0,105.0
722,0.0,7.700000000000001,105.0
723,0.0,15.400000000000002,105.0
724,0.0,24.0,105.0
725,0.0,31.7,105.0
726,0.0,39.4,105.0
727,2.6999999999999997,0.0,105.0
728,11.0,0.0,105.0
729,14.699999999999998,0.0,105.0
730,18.4,0.0,105.0
731,26.700000000000003,0.0,105.0
732,29.4,0.0,105.0
733,2.7,7.700000000000001,105.0
734,2.7,15.400000000000002,105.0
735,2.7,24.0,105.0
736,2.7,31.7,105.0
737,2.7,39.4,105.0
738,11.0,7.700000000000001,105.0
739,11.0,15.400000000000002,105.0
740,11.0,24.0,105.0
741,11.0,31.7,105.0
742,11.0,39.4,105.0
743,14.7,7.700000000000001,105.0
744,14.7,15.400000000000002,105.0
745,14.7,24.0,105.0
746,14.7,31.7,105.0
747,14.7,39.4,105.0
748,18.4,7.700000000000001,105.0
749,18.4,15.400000000000002,105.0
750,18.4,24.0,105.0
751,18.4,31.7,105.0
752,18.4,39.4,105.0
753,26.7,7.700000000000001,105.0
754,26.7,15.400000000000002,105.0
755,26.7,24.0,105.0
756,26.7,31.7,105.0
757,26.7,39.4,105.0
758,29.4,7.700000000000001,105.0
759,29.4,15.400000000000002,105.0
760,29.4,24.0,105.0
761,29.4,31.7,105.0
762,29.4,39.4,105.0
763,0.0,0.0,111.0
764,0.0,7.700000000000001,111.0
765,0.0,15.400000000000002,111.0
766,0.0,24.0,111.0
767,0.0,31.7,111.0
768,0.0,39.4,111.0
769,2.6999999999999997,0.0,111.0
770,11.0,0.0,111.0
771,14.699999999999998,0.0,111.0
772,18.4,0.0,111.0
773,26.700000000000003,0.0,111.0
774,29.4,0.0,111.0
775,2.7,7.700000000000001,111.0
776,2.7,15.400000000000002,111.0
777,2.7,24.0,111.0
778,2.7,31.7,111.0
779,2.7,39.4,111.0
780,11.0,7.700000000000001,111.0
781,11.0,15.400000000000002,111.0
782,11.0,24.0,111.0
783,11.0,31.7,111.0
784,11.0,39.4,111.0
785,14.7,7.700000000000001,111.0
786,14.7,15.400000000000002,111.0
787,14.7,24.0,111.0
788,14.7,31.7,111.0
789,14.7,39.4,111.0
790,18.4,7.700000000000001,111.0
791,18.4,15.400000000000002,111.0
792,18.4,24.0,111.0
793,18.4,31.7,111.0
794,18.4,39.4,111.0
795,26.7,7.700000000000001,111.0
796,26.7,15.400000000000002,111.0
797,26.7,24.0,111.0
798,26.7,31.7,111.0
799,26.7,39.4,111.0
800,29.4,7.700000000000001,111.0
801,29.4,15.400000000000002,111.0
802,29.4,24.0,111.0
803,29.4,31.7,111.0
804,29.4,39.4,111.0
805,0.0,0.0,117.0
806,0.0,7.700000000000001,117.0
807,0.0,15.400000000000002,117.0
808,0.0,24.0,117.0
809,0.0,31.7,117.0
810,0.0,39.4,117.0
811,2.6999999999999997,0.0,117.0
812,11.0,0.0,117.0
813,14.699999999999998,0.0,117.0
814,18.4,0.0,117.0
815,26.700000000000003,0.0,117.0
816,29.4,0.0,117.0
817,2.7,7.700000000000001,117.0
818,2.7,15.400000000000002,117.0
819,2.7,24.0,117.0
820,2.7,31.7,117.0
821,2.7,39.4,117.0
822,11.0,7.700000000000001,117.0
823,11.0,15.400000000000002,117.0
824,11.0,24.0,117.0
825,11.0,31.7,117.0
826,11.0,39.4,117.0
827,14.7,7.700000000000001,117.0
828,14.7,15.400000000000002,117.0
829,14.7,24.0,117.0
830,14.7,31.7,117.0
831,14.7,39.4,117.0
832,18.4,7.700000000000001,117.0
833,18.4,15.400000000000002,117.0
834,18.4,24.0,117.0
835,18.4,31.7,117.0
836,18.4,39.4,117.0
837,26.7,7.700000000000001,117.0
838,26.7,15.400000000000002,117.0
839,26.7,24.0,117.0
840,26.7,31.7,117.0
841,26.7,39.4,117.0
842,29.4,7.700000000000001,117.0
843,29.4,15.400000000000002,117.0
844,29.4,24.0,117.0
845,29.4,31.7,117.0
846,29.4,39.4,117.0
847,0.0,0.0,123.0
848,0.0,7.700000000000001,123.0
849,0.0,15.400000000000002,123.0
850,0.0,24.0,123.0
851,0.0,31.7,123.0
852,0.0,39.4,123.0
853,2.6999999999999997,0.0,123.0
854,11.0,0.0,123.0
855,14.699999999999998,0.0,123.0
856,18.4,0.0,123.0
857,26.700000000000003,0.0,123.0
858,29.4,0.0,123.0
859,2.7,7.700000000000001,123.0
860,2.7,15.400000000000002,123.0
861,2.7,24.0,123.0
862,2.7,31.7,123.0
863,2.7,39.4,123.0
864,11.0,7.700000000000001,123.0
865,11.0,15.400000000000002,123.0
866,11.0,24.0,123.0
867,11.0,31.7,123.0
868,11.0,39.4,123.0
869,14.7,7.700000000000001,123.0
870,14.7,15.400000000000002,123.0
871,14.7,24.0,123.0
872,14.7,31.7,123.0
873,14.7,39.4,123.0
874,18.4,7.700000000000001,123.0
875,18.4,15.400000000000002,123.0
876,18.4,24.0,123.0
877,18.4,31.7,123.0
878,18.4,39.4,123.0
879,26.7,7.700000000000001,123.0
880,26.7,15.400000000000002,123.0
881,26.7,24.0,123.0
882,26.7,31.7,123.0
883,26.7,39.4,123.0
884,29.4,7.700000000000001,123.0
885,29.4,15.400000000000002,123.0
886,29.4,24.0,123.0
887,29.4,31.7,123.0
888,29.4,39.4,123.0
889,0.0,0.0,129.0
890,0.0,7.700000000000001,129.0
891,0.0,15.400000000000002,129.0
892,0.0,24.0,129.0
893,0.0,31.7,129.0
894,0.0,39.4,129.0
895,2.6999999999999997,0.0,129.0
896,11.0,0.0,129.0
897,14.699999999999998,0.0,129.0
898,18.4,0.0,129.0
899,26.700000000000003,0.0,129.0
900,29.4,0.0,129.0
901,2.7,7.700000000000001,129.0
902,2.7,15.400000000000002,129.0
903,2.7,24.0,129.0
904,2.7,31.7,129.0
905,2.7,39.4,129.0
906,11.0,7.700000000000001,129.0
907,11.0,15.400000000000002,129.0
908,11.0,24.0,129.0
909,11.0,31.7,129.0
910,11.0,39.4,129.0
911,14.7,7.700000000000001,129.0
912,14.7,15.400000000000002,129.0
913,14.7,24.0,129.0
914,14.7,31.7,129.0
915,14.7,39.4,129.0
916,18.4,7.700000000000001,129.0
917,18.4,15.400000000000002,129.0
918,18.4,24.0,129.0
919,18.4,31.7,129.0
920,18.4,39.4,129.0
921,26.7,7.700000000000001,129.0
922,26.7,15.400000000000002,129.0
923,26.7,24.0,129.0
924,26.7,31.7,129.0
925,26.7,39.4,129.0
926,29.4,7.700000000000001,129.0
927,29.4,15.400000000000002,129.0
928,29.4,24.0,129.0
929,29.4,31.7,129.0
930,29.4,39.4,129.0
931,0.0,0.0,135.0
932,0.0,7.700000000000001,135.0
933,0.0,15.400000000000002,135.0
934,0.0,24.0,135.0
935,0.0,31.7,135.0
936,0.0,39.4,135.0
937,2.6999999999999997,0.0,135.0
938,11.0,0.0,135.0
939,14.699999999999998,0.0,135.0
940,18.4,0.0,135.0
941,26.700000000000003,0.0,135.0
942,29.4,0.0,135.0
943,2.7,7.700000000000001,135.0
944,2.7,15.400000000000002,135.0
945,2.7,24.0,135.0
946,2.7,31.7,135.0
947,2.7,39.4,135.0
948,11.0,7.700000000000001,135.0
949,11.0,15.400000000000002,135.0
950,11.0,24.0,135.0
951,11.0,31.7,135.0
952,11.0,39.4,135.0
953,14.7,7.700000000000001,135.0
954,14.7,15.400000000000002,135.0
955,14.7,24.0,135.0
956,14.7,31.7,135.0
957,14.7,39.4,135.0
958,18.4,7.700000000000001,135.0
959,18.4,15.400000000000002,135.0
960,18.4,24.0,135.0
961,18.4,31.7,135.0
962,18.4,39.4,135.0
963,26.7,7.700000000000001,135.0
964,26.7,15.400000000000002,135.0
965,26.7,24.0,135.0
966,26.7,31.7,135.0
967,26.7,39.4,135.0
968,29.4,7.700000000000001,135.0
969,29.4,15.400000000000002,135.0
970,29.4,24.0,135.0
971,29.4,31.7,135.0
972,29.4,39.4,135.0
973,0.0,0.0,141.0
974,0.0,7.700000000000001,141.0
975,0.0,15.400000000000002,141.0
976,0.0,24.0,141.0
977,0.0,31.7,141.0
978,0.0,39.4,141.0
979,2.6999999999999997,0.0,141.0
980,11.0,0.0,141.0
981,14.699999999999998,0.0,141.0
982,18.4,0.0,141.0
983,26.700000000000003,0.0,141.0
984,29.4,0.0,141.0
985,2.7,7.700000000000001,141.0
986,2.7,15.400000000000002,141.0
987,2.7,24.0,141.0
988,2.7,31.7,141.0
989,2.7,39.4,141.0
990,11.0,7.700000000000001,141.0
991,11.0,15.400000000000002,141.0
992,11.0,24.0,141.0
993,11.0,31.7,141.0
994,11.0,39.4,141.0
995,14.7,7.700000000000001,141.0
996,14.7,15.400000000000002,141.0
997,14.7,24.0,141.0
998,14.7,31.7,141.0
999,14.7,39.4,141.0
1000,18.4,7.700000000000001,141.0
1001,18.4,15.400000000000002,141.0
1002,18.4,24.0,141.0
1003,18.4,31.7,141.0
1004,18.4,39.4,141.0
1005,26.7,7.700000000000001,141.0
1006,26.7,15.400000000000002,141.0
1007,26.7,24.0,141.0
1008,26.7,31.7,141.0
1009,26.7,39.4,141.0
1010,29.4,7.700000000000001,141.0
1011,29.4,15.400000000000002,141.0
1012,29.4,24.0,141.0
1013,29.4,31.7,141.0
1014,29.4,39.4,141.0
1015,0.0,0.0,147.0
1016,0.0,7.700000000000001,147.0
1017,0.0,15.400000000000002,147.0
1018,0.0,24.0,147.0
1019,0.0,31.7,147.0
1020,0.0,39.4,147.0
1021,2.6999999999999997,0.0,147.0
1022,11.0,0.0,147.0
1023,14.699999999999998,0.0,147.0
1024,18.4,0.0,147.0
1025,26.700000000000003,0.0,147.0
1026,29.4,0.0,147.0
1027,2.7,7.700000000000001,147.0
1028,2.7,15.400000000000002,147.0
1029,2.7,24.0,147.0
1030,2.7,31.7,147.0
1031,2.7,39.4,147.0
1032,11.0,7.700000000000001,147.0
1033,11.0,15.400000000000002,147.0
1034,11.0,24.0,147.0
1035,11.0,31.7,147.0
1036,11.0,39.4,147.0
1037,14.7,7.700000000000001,147.0
1038,14.7,15.400000000000002,147.0
1039,14.7,24.0,147.0
1040,14.7,31.7,147.0
1041,14.7,39.4,147.0
1042,18.4,7.700000000000001,147.0
1043,18.4,15.400000000000002,147.0
1044,18.4,24.0,147.0
1045,18.4,31.7,147.0
1046,18.4,39.4,147.0
1047,26.7,7.700000000000001,147.0
1048,26.7,15.400000000000002,147.0
1049,26.7,24.0,147.0
1050,26.7,31.7,147.0
1051,26.7,39.4,147.0
1052,29.4,7.700000000000001,147.0
1053,29.4,15.400000000000002,147.0
1054,29.4,24.0,147.0
1055,29.4,31.7,147.0
1056,29.4,39.4,147.0
1057,0.0,0.0,153.0
1058,0.0,7.700000000000001,153.0
1059,0.0,15.400000000000002,153.0
1060,0.0,24.0,153.0
1061,0.0,31.7,153.0
1062,0.0,39.4,153.0
1063,2.6999999999999997,0.0,153.0
1064,11.0,0.0,153.0
1065,14.699999999999998,0.0,153.0
1066,18.4,0.0,153.0
1067,26.700000000000003,0.0,153.0
1068,29.4,0.0,153.0
1069,2.7,7.700000000000001,153.0
1070,2.7,15.400000000000002,153.0
1071,2.7,24.0,153.0
1072,2.7,31.7,153.0
1073,2.7,39.4,153.0
1074,11.0,7.700000000000001,153.0
1075,11.0,15.400000000000002,153.0
1076,11.0,24.0,153.0
1077,11.0,31.7,153.0
1078,11.0,39.4,153.0
1079,14.7,7.700000000000001,153.0
1080,14.7,15.400000000000002,153.0
1081,14.7,24.0,153.0
1082,14.7,31.7,153.0
1083,14.7,39.4,153.0
1084,18.4,7.700000000000001,153.0
1085,18.4,15.400000000000002,153.0
1086,18.4,24.0,153.0
1087,18.4,31.7,153.0
1088,18.4,39.4,153.0
1089,26.7,7.700000000000001,153.0
1090,26.7,15.400000000000002,153.0
1091,26.7,24.0,153.0
1092,26.7,31.7,153.0
1093,26.7,39.4,153.0
1094,29.4,7.700000000000001,153.0
1095,29.4,15.400000000000002,153.0
1096,29.4,24.0,153.0
1097,29.4,31.7,153.0
1098,29.4,39.4,153.0
1099,11.0,19.7,141.0
1100,11.0,19.7,153.0
1101,11.0,19.7,105.0
1102,11.0,19.7,111.0
1103,11.0,19.7,69.0
1104,11.0,19.7,75.0
1105,11.0,19.7,33.0
1106,11.0,19.7,39.0
1107,18.4,19.7,153.0
1108,18.4,19.7,141.0
1109,18.4,19.7,33.0
1110,18.4,19.7,39.0
1111,18.4,19.7,105.0
1112,18.4,19.7,111.0
1113,18.4,19.7,69.0
1114,18.4,19.7,75.0
1115,14.7,19.7,33.0
1116,14.7,19.7,39.0
1117,14.7,19.7,69.0
1118,14.7,19.7,75.0
1119,14.7,19.7,105.0
1120,14.7,19.7,111.0
1121,14.7,19.7,141.0
1143,14.7,19.7,153.0
