Period,Sae
0.001,0.8385245901639343
0.003001001001001001,0.878793915226702
0.005002002002002002,0.9190632402894697
0.007003003003003003,0.9593325653522374
0.009004004004004005,0.9996018904150051
0.011005005005005005,1.0398712154777727
0.013006006006006005,1.0801405405405407
0.015007007007007009,1.1204098656033084
0.01700800800800801,1.1606791906660758
0.01900900900900901,1.2009485157288435
0.02101001001001001,1.241217840791611
0.023011011011011013,1.281487165854379
0.025012012012012013,1.3217564909171466
0.027013013013013013,1.3620258159799143
0.029014014014014017,1.4022951410426818
0.031015015015015017,1.4425644661054495
0.03301601601601602,1.4828337911682172
0.03501701701701702,1.5231031162309852
0.03701801801801802,1.5633724412937526
0.03901901901901902,1.6036417663565203
0.04102002002002002,1.6439110914192878
0.043021021021021025,1.6841804164820557
0.045022022022022025,1.7244497415448234
0.047023023023023025,1.764719066607591
0.049024024024024025,1.8049883916703586
0.051025025025025025,1.8452577167331263
0.053026026026026025,1.885527041795894
0.055027027027027026,1.9257963668586617
0.05702802802802803,1.9660656919214297
0.05902902902902903,2.006335016984197
0.06103003003003003,2.046
0.06303103103103103,2.046
0.06503203203203203,2.046
0.06703303303303304,2.046
0.06903403403403403,2.046
0.07103503503503504,2.046
0.07303603603603603,2.046
0.07503703703703704,2.046
0.07703803803803803,2.046
0.07903903903903904,2.046
0.08104004004004003,2.046
0.08304104104104104,2.046
0.08504204204204205,2.046
0.08704304304304304,2.046
0.08904404404404405,2.046
0.09104504504504504,2.046
0.09304604604604605,2.046
0.09504704704704704,2.046
0.09704804804804805,2.046
0.09904904904904906,2.046
0.10105005005005005,2.046
0.10305105105105106,2.046
0.10505205205205205,2.046
0.10705305305305306,2.046
0.10905405405405405,2.046
0.11105505505505506,2.046
0.11305605605605606,2.046
0.11505705705705706,2.046
0.11705805805805806,2.046
0.11905905905905906,2.046
0.12106006006006007,2.046
0.12306106106106106,2.046
0.12506206206206205,2.046
0.12706306306306306,2.046
0.12906406406406407,2.046
0.13106506506506507,2.046
0.13306606606606608,2.046
0.13506706706706706,2.046
0.13706806806806807,2.046
0.13906906906906907,2.046
0.14107007007007008,2.046
0.14307107107107106,2.046
0.14507207207207207,2.046
0.14707307307307307,2.046
0.14907407407407408,2.046
0.1510750750750751,2.046
0.15307607607607607,2.046
0.15507707707707707,2.046
0.15707807807807808,2.046
0.1590790790790791,2.046
0.16108008008008007,2.046
0.16308108108108108,2.046
0.16508208208208208,2.046
0.1670830830830831,2.046
0.1690840840840841,2.046
0.17108508508508508,2.046
0.17308608608608608,2.046
0.1750870870870871,2.046
0.1770880880880881,2.046
0.1790890890890891,2.046
0.18109009009009008,2.046
0.1830910910910911,2.046
0.1850920920920921,2.046
0.1870930930930931,2.046
0.18909409409409408,2.046
0.1910950950950951,2.046
0.1930960960960961,2.046
0.1950970970970971,2.046
0.1970980980980981,2.046
0.1990990990990991,2.046
0.2011001001001001,2.046
0.2031011011011011,2.046
0.2051021021021021,2.046
0.2071031031031031,2.046
0.2091041041041041,2.046
0.2111051051051051,2.046
0.2131061061061061,2.046
0.21510710710710712,2.046
0.2171081081081081,2.046
0.2191091091091091,2.046
0.22111011011011011,2.046
0.22311111111111112,2.046
0.22511211211211213,2.046
0.2271131131131131,2.046
0.22911411411411411,2.046
0.23111511511511512,2.046
0.23311611611611613,2.046
0.2351171171171171,2.046
0.23711811811811812,2.046
0.23911911911911912,2.046
0.24112012012012013,2.046
0.24312112112112114,2.046
0.24512212212212212,2.046
0.24712312312312312,2.046
0.24912412412412413,2.046
0.25112512512512514,2.046
0.2531261261261261,2.046
0.25512712712712715,2.046
0.25712812812812813,2.046
0.2591291291291291,2.046
0.26113013013013014,2.046
0.2631311311311311,2.046
0.26513213213213216,2.046
0.26713313313313314,2.046
0.2691341341341341,2.046
0.27113513513513515,2.046
0.27313613613613613,2.046
0.27513713713713717,2.046
0.27713813813813815,2.046
0.2791391391391391,2.046
0.28114014014014016,2.046
0.28314114114114114,2.046
0.2851421421421421,2.046
0.28714314314314315,2.046
0.28914414414414413,2.046
0.29114514514514517,2.046
0.29314614614614615,2.046
0.2951471471471471,2.046
0.29714814814814816,2.046
0.29914914914914914,2.046
0.3011501501501502,2.046
0.30315115115115115,2.0418856984361793
0.30515215215215213,2.028496262059328
0.30715315315315317,2.015281281163841
0.30915415415415415,2.002237368259159
0.3111551551551552,1.9893612229928836
0.31315615615615616,1.976649629366807
0.31515715715715714,1.9640994530589948
0.3171581581581582,1.951707638847245
0.31915915915915916,1.9394712081294694
0.32116016016016014,1.9273872565367678
0.32316116116116117,1.9154529516351855
0.32516216216216215,1.9036655307123265
0.3271631631631632,1.892022298645192
0.32916416416416416,1.880520625845789
0.33116516516516514,1.8691579462812167
0.3331661661661662,1.8579317555651031
0.33516716716716716,1.8468396091174082
0.3371681681681682,1.8358791203897502
0.33916916916916917,1.8250479591535578
0.34117017017017015,1.8143438498484579
0.3431711711711712,1.803764569988449
0.34517217217217216,1.7933079486235126
0.3471731731731732,1.7829718648544226
0.3491741741741742,1.772754246398624
0.35117517517517516,1.76265306820514
0.3531761761761762,1.7526663511165654
0.3551771771771772,1.742792160576289
0.3571781781781782,1.7330286053791675
0.3591791791791792,1.7233738364639652
0.36118018018018017,1.713826045745928
0.3631811811811812,1.7043834649879552
0.3651821821821822,1.6950443647088815
0.36718318318318316,1.6858070531274536
0.3691841841841842,1.676669875140653
0.3711851851851852,1.6676312113350629
0.3731861861861862,1.658689477030039
0.3751871871871872,1.6498431213515041
0.37718818818818817,1.6410906263352185
0.3791891891891892,1.632430506058446
0.3811901901901902,1.6238613057989701
0.3831911911911912,1.6153816012204552
0.3851921921921922,1.606989997583204
0.3871931931931932,1.598685128979385
0.3891941941941942,1.5904656575918519
0.3911951951951952,1.5823302729757116
0.3931961961961962,1.5742776913618275
0.3951971971971972,1.5663066549814844
0.3971981981981982,1.5584159314114632
0.3991991991991992,1.5506043129388163
0.4012002002002002,1.5428706159446506
0.40320120120120123,1.5352136803062575
0.4052022022022022,1.5276323688169626
0.4072032032032032,1.520125566623074
0.4092042042042042,1.5126921806773566
0.4112052052052052,1.5053311392084596
0.4132062062062062,1.4980413912057617
0.4152072072072072,1.4908219059191112
0.4172082082082082,1.483671672372964
0.41920920920920923,1.4765896988944338
0.4212102102102102,1.4695750126547984
0.4232112112112112,1.4626266592240083
0.4252122122122122,1.4557437021377773
0.4272132132132132,1.4489252224768385
0.42921421421421424,1.4421703184579684
0.4312152152152152,1.4354781050363987
0.4332162162162162,1.4288477135192463
0.43521721721721723,1.4222782911896077
0.4372182182182182,1.415769000940975
0.43921921921921925,1.4093190209216462
0.4412202202202202,1.4029275441888112
0.4432212212212212,1.396593778372006
0.44522222222222224,1.390316945345645
0.4472232232232232,1.3840962809103443
0.44922422422422426,1.3779310344827584
0.45122522522522523,1.3718204687936748
0.4532262262262262,1.3657638595941013
0.45522722722722725,1.359760495369108
0.45722822822822823,1.3538096770591828
0.4592292292292292,1.3479107177888703
0.46123023023023024,1.3420629426024753
0.4632312312312312,1.3362656882066175
0.46523223223223226,1.3305183027194272
0.46723323323323324,1.3248201454261879
0.4692342342342342,1.3191705865412306
0.47123523523523525,1.3135690069758945
0.47323623623623623,1.3080147981123735
0.47523723723723726,1.3025073615832774
0.47723823823823824,1.2970461090567391
0.4792392392392392,1.2916304620269028
0.48124024024024026,1.2862598516096422
0.48324124124124124,1.2809337183433522
0.48524224224224227,1.2756515119946694
0.48724324324324325,1.2704126913689815
0.48924424424424423,1.2652167241255845
0.49124524524524527,1.2600630865973583
0.49324624624624624,1.2549512636148334
0.4952472472472472,1.2498807483345191
0.49724824824824826,1.2448510420713799
0.49924924924924924,1.2398616541353384
0.5012502502502503,1.2349121016716957
0.5032512512512513,1.2300019095053585
0.5052522522522522,1.2251306099887667
0.5072532532532532,1.2202977428534216
0.5092542542542543,1.2155028550649145
0.5112552552552553,1.2107455006813588
0.5132562562562563,1.2060252407151342
0.5152572572572572,1.2013416429978514
0.5172582582582582,1.1966942820484539
0.5192592592592593,1.1920827389443651
0.5212602602602603,1.1875066011956086
0.5232612612612613,1.1829654626218105
0.5252622622622622,1.178458923232019
0.5272632632632632,1.1739865891072567
0.5292642642642643,1.1695480722857385
0.5312652652652653,1.1651429906506836
0.5332662662662663,1.160770967820653
0.5352672672672673,1.1564316330423465
0.5372682682682682,1.1521246210857954
0.5392692692692693,1.147849572141889
0.5412702702702703,1.143606131722175
0.5432712712712713,1.1393939505608703
0.5452722722722723,1.1352126845190342
0.5472732732732732,1.131061994490842
0.5492742742742743,1.1269415463119048
0.5512752752752753,1.1228510106695913
0.5532762762762763,1.1187900630152898
0.5552772772772773,1.1147583834785713
0.5572782782782782,1.1107556567832002
0.5592792792792792,1.1067815721649485
0.5612802802802803,1.1028358232911672
0.5632812812812813,1.0989181081820734
0.5652822822822823,1.0950281291337076
0.5672832832832833,1.091165592642523
0.5692842842842842,1.0873302093315633
0.5712852852852853,1.0835216938781946
0.5732862862862863,1.0797397649433484
0.5752872872872873,1.0759841451022425
0.5772882882882883,1.0722545607765415
0.5792892892892892,1.0685507421679252
0.5812902902902903,1.0648724231930278
0.5832912912912913,1.0612193414197162
0.5852922922922923,1.057591238004676
0.5872932932932933,1.0539878576322723
0.5892942942942943,1.050408948454659
0.5912952952952953,1.0468542620330994
0.5932962962962963,1.0433235532804794
0.5952972972972973,1.039816580404976
0.5972982982982983,1.0363331048548603
0.5992992992992993,1.0328728912644063
0.6013003003003003,1.029435707400878
0.6033013013013013,1.0260213241125737
0.6053023023023023,1.0226295152778995
0.6073033033033033,1.0192600577554491
0.6093043043043043,1.0159127313350693
0.6113053053053054,1.012587318689884
0.6133063063063063,1.0092836053292595
0.6153073073073073,1.0060013795526865
0.6173083083083083,1.0027404324045592
0.6193093093093093,0.9995005576298308
0.6213103103103104,0.9962815516305267
0.6233113113113113,0.9930832134230947
0.6253123123123123,0.989905344596574
0.6273133133133133,0.9867477492715651
0.6293143143143143,0.9836102340599824
0.6313153153153154,0.9804926080255721
0.6333163163163164,0.9773946826451793
0.6353173173173173,0.974316271770745
0.6373183183183183,0.9712571915920217
0.6393193193193193,0.9682172605999875
0.6413203203203203,0.9651962995509452
0.6433213213213214,0.9621941314312921
0.6453223223223223,0.9592105814229451
0.6473233233233233,0.956245476869406
0.6493243243243243,0.9532986472424558
0.6513253253253253,0.950369924109462
0.6533263263263264,0.9474591411012865
0.6553273273273273,0.944566133880783
0.6573283283283283,0.9416907401118673
0.6593293293293293,0.9388327994291528
0.6613303303303303,0.9359921534081364
0.6633313313313314,0.9331686455359244
0.6653323323323324,0.9303621211824868
0.6673333333333333,0.9275724275724275
0.6693343343343343,0.9247994137572626
0.6713353353353353,0.9220429305881932
0.6733363363363364,0.9193028306893645
0.6753373373373374,0.9165789684315998
0.6773383383383383,0.9138711999066002
0.6793393393393393,0.9111793829016003
0.6813403403403403,0.9085033768744702
0.6833413413413414,0.9058430429292559
0.6853423423423424,0.903198243792147
0.6873433433433433,0.9005688437878646
0.6893443443443443,0.8979547088164611
0.6913453453453453,0.8953557063305215
0.6933463463463464,0.8927717053127612
0.6953473473473474,0.8902025762540091
0.6973483483483484,0.8876481911315709
0.6993493493493493,0.8851084233879625
0.7013503503503503,0.8825831479100091
0.7033513513513514,0.8800722410083
0.7053523523523524,0.877575580396993
0.7073533533533534,0.8750930451739626
0.7093543543543543,0.8726245158012828
0.7113553553553553,0.8701698740860403
0.7133563563563564,0.8677290031614707
0.7153573573573574,0.8653017874684107
0.7173583583583584,0.8628881127370608
0.7193593593593594,0.8604878659690527
0.7213603603603603,0.8581009354198149
0.7233613613613614,0.8557272105812315
0.7253623623623624,0.8533665821645872
0.7273633633633634,0.8510189420837944
0.7293643643643644,0.8486841834388961
0.7313653653653653,0.8463622004998399
0.7333663663663663,0.8440528886905176
0.7353673673673674,0.8417561445730651
0.7373683683683684,0.8394718658324181
0.7393693693693694,0.8371999512611186
0.7413703703703703,0.8349403007443673
0.7433713713713713,0.832692815245318
0.7453723723723724,0.8304573967906078
0.7473733733733734,0.8282339484561212
0.7493743743743744,0.8260223743529804
0.7513753753753754,0.8238225796137614
0.7533763763763763,0.8216344703789281
0.7553773773773774,0.8194579537834836
0.7573783783783784,0.8172929379438318
0.7593793793793794,0.8151393319448472
0.7613803803803804,0.8129970458271487
0.7633813813813813,0.8108659905745734
0.7653823823823824,0.808746078101847
0.7673833833833834,0.8066372212424473
0.7693843843843844,0.8045393337366562
0.7713853853853854,0.8024523302197988
0.7733863863863863,0.8003761262106643
0.7753873873873874,0.7983106381001068
0.7773883883883884,0.7962557831398216
0.7793893893893894,0.7942114794312942
0.7813903903903904,0.7921776459149202
0.7833913913913914,0.790154202359291
0.7853923923923924,0.788141069350643
0.7873933933933934,0.7861381682824692
0.7893943943943944,0.7841454213452869
0.7913953953953954,0.782162751516562
0.7933963963963964,0.7801900825507853
0.7953973973973975,0.778227338969698
0.7973983983983984,0.7762744460526663
0.7993993993993994,0.7743313298271975
0.8014004004004004,0.7723979170596016
0.8034014014014014,0.7704741352457893
0.8054024024024025,0.7685599126022095
0.8074034034034034,0.7666551780569206
0.8094044044044044,0.7647598612407942
0.8114054054054054,0.7628738924788488
0.8134064064064064,0.7609972027817123
0.8154074074074074,0.7591297238372093
0.8174084084084084,0.7572713880020719
0.8194094094094094,0.7554221282937734
0.8214104104104104,0.7535818783824789
0.8234114114114114,0.7517505725831157
0.8254124124124124,0.7499281458475576
0.8274134134134135,0.748114533756923
0.8294144144144144,0.7463096725139846
0.8314154154154154,0.7445134989356886
0.8334164164164164,0.7427259504457814
0.8354174174174174,0.7409469650675429
0.8374184184184185,0.7391764814166231
0.8394194194194194,0.7374144386939827
0.8414204204204204,0.735660776678932
0.8434214214214214,0.7339154357222715
0.8454224224224224,0.7321783567395276
0.8474234234234235,0.7304494812042864
0.8494244244244245,0.7287287511416197
0.8514254254254254,0.727016109121605
0.8534264264264264,0.7253114982529355
0.8554274274274274,0.7236148621766217
0.8574284284284285,0.721926145059779
0.8594294294294295,0.7202452915895035
0.8614304304304304,0.7185722469668324
0.8634314314314314,0.7169069569007893
0.8654324324324324,0.7152493676025109
0.8674334334334335,0.7135994257794559
0.8694344344344345,0.7119570786296938
0.8714354354354354,0.7103222738362717
0.8734364364364364,0.7086949595616592
0.8754374374374374,0.7070750844422694
0.8774384384384385,0.7054625975830546
0.8794394394394395,0.7038574485521762
0.8814404404404405,0.7022595873757466
0.8834414414414414,0.7006689645326426
0.8854424424424424,0.6990855309493905
0.8874434434434435,0.6975092379951181
0.8894444444444445,0.6959400374765771
0.8914454454454455,0.6943778816332306
0.8934464464464464,0.6928227231324078
0.8954474474474474,0.691274515064524
0.8974484484484485,0.6897332109383626
0.8994494494494495,0.688198764676423
0.9014504504504505,0.6866711306103277
0.9034514514514514,0.6851502634762916
0.9054524524524524,0.683636118410652
0.9074534534534534,0.6821286509454567
0.9094544544544545,0.6806278170041109
0.9114554554554555,0.6791335728970813
0.9134564564564565,0.6776458753176563
0.9154574574574574,0.6761646813377625
0.9174584584584584,0.6746899484038358
0.9194594594594595,0.6732216343327454
0.9214604604604605,0.671759697307773
0.9234614614614615,0.6703040958746415
0.9254624624624624,0.668854788937598
0.9274634634634634,0.6674117357555455
0.9294644644644645,0.6659748959382252
0.9314654654654655,0.6645442294424492
0.9334664664664665,0.6631196965683788
0.9354674674674675,0.6617012579558539
0.9374684684684684,0.6602888745807667
0.9394694694694695,0.6588825077514837
0.9414704704704705,0.657482119105312
0.9434714714714715,0.6560876706050112
0.9454724724724725,0.6546991245353494
0.9474734734734734,0.6533164434997032
0.9494744744744745,0.6519395904166996
0.9514754754754755,0.6505685285169023
0.9534764764764765,0.6492032213395372
0.9554774774774775,0.6478436327292614
0.9574784784784784,0.6464897268329708
0.9594794794794795,0.645141468096649
0.9614804804804805,0.6437988212622551
0.9634814814814815,0.6424617513646498
0.9654824824824825,0.6411302237285605
0.9674834834834835,0.6398042039655836
0.9694844844844845,0.638483657971224
0.9714854854854855,0.6371685519219712
0.9734864864864865,0.6358588522724118
0.9754874874874875,0.6345545257523766
0.9774884884884885,0.6332555393641239
0.9794894894894896,0.6319618603795566
0.9814904904904905,0.6306734563374736
0.9834914914914915,0.6293902950408546
0.9854924924924925,0.6281123445541779
0.9874934934934935,0.6268395732007712
0.9894944944944944,0.6255719495601945
0.9914954954954955,0.6243094424656538
0.9934964964964965,0.6230520210014479
0.9954974974974975,0.6217996545004434
0.9974984984984985,0.620552312541583
0.9994994994994995,0.6193099649474212
1.0015005005005004,0.618072581781691
1.0035015015015014,0.6168401333468995
1.0055025025025024,0.6156125901819518
1.0075035035035034,0.6143899230598036
1.0095045045045044,0.6131721029851414
1.0115055055055053,0.6119591011920903
1.0135065065065063,0.6107508891419497
1.0155075075075075,0.6095474385209543
1.0175085085085085,0.6083487212380632
1.0195095095095095,0.6071547094227729
1.0215105105105104,0.605965375422959
1.0235115115115114,0.6047806918027401
1.0255125125125124,0.6036006313403685
1.0275135135135134,0.6024251670261456
1.0295145145145144,0.6012542720603608
1.0315155155155153,0.6000879198512544
1.0335165165165163,0.5989260840130056
1.0355175175175173,0.5977687383637416
1.0375185185185185,0.5966158569235712
1.0395195195195195,0.5954674139126416
1.0415205205205205,0.5943233837492156
1.0435215215215214,0.5931837410477727
1.0455225225225224,0.5920484606171319
1.0475235235235234,0.5909175174585944
1.0495245245245244,0.5897908867641098
1.0515255255255254,0.5886685439144616
1.0535265265265263,0.5875504644774736
1.0555275275275273,0.5864366242062379
1.0575285285285285,0.5853269990373612
1.0595295295295295,0.5842215650892326
1.0615305305305305,0.5831202986603098
1.0635315315315315,0.5820231762274253
1.0655325325325324,0.5809301744441115
1.0675335335335334,0.5798412701389449
1.0695345345345344,0.5787564403139084
1.0715355355355354,0.5776756621427718
1.0735365365365364,0.5765989129694918
1.0755375375375373,0.575526170306628
1.0775385385385385,0.5744574118337775
1.0795395395395395,0.5733926153960277
1.0815405405405405,0.572331759002424
1.0835415415415415,0.5712748208244569
1.0855425425425425,0.5702217791945647
1.0875435435435434,0.5691726126046522
1.0895445445445444,0.5681272997046273
1.0915455455455454,0.5670858193009518
1.0935465465465464,0.5660481503552098
1.0955475475475474,0.5650142719826909
1.0975485485485486,0.5639841634509887
1.0995495495495495,0.5629578041786153
1.1015505505505505,0.5619351737336306
1.1035515515515515,0.560916251832286
1.1055525525525525,0.5599010183376839
1.1075535535535534,0.558889453258451
1.1095545545545544,0.5578815367474255
1.1115555555555554,0.55687724910036
1.1135565565565564,0.5558765707546365
1.1155575575575574,0.5548794822879971
1.1175585585585583,0.5538859644172868
1.1195595595595595,0.5528959979972105
1.1215605605605605,0.5519095640191033
1.1235615615615615,0.5509266436097139
1.1255625625625625,0.5499472180300008
1.1275635635635635,0.5489712686739415
1.1295645645645644,0.5479987770673544
1.1315655655655654,0.5470297248667326
1.1335665665665664,0.5460640938580914
1.1355675675675674,0.5451018659558264
1.1375685685685684,0.5441430232015847
1.1395695695695696,0.5431875477631475
1.1415705705705705,0.5422354219333251
1.1435715715715715,0.5412866281288624
1.1455725725725725,0.5403411488893569
1.1475735735735735,0.5393989668761874
1.1495745745745745,0.5384600648714545
1.1515755755755754,0.537524425776931
1.1535765765765764,0.536592032613025
1.1555775775775774,0.5356628685177518
1.1575785785785784,0.5347369167457181
1.1595795795795796,0.5338141606671155
1.1615805805805806,0.5328945837667256
1.1635815815815815,0.531978169642934
1.1655825825825825,0.5310649020067554
1.1675835835835835,0.5301547646808686
1.1695845845845845,0.5292477415986615
1.1715855855855855,0.528343816803285
1.1735865865865864,0.5274429744467181
1.1755875875875874,0.5265451987888408
1.1775885885885884,0.5256504741965181
1.1795895895895896,0.5247587851426923
1.1815905905905906,0.5238701162054847
1.1835915915915916,0.5229844520673067
1.1855925925925925,0.5221017775139796
1.1875935935935935,0.5212220774338633
1.1895945945945945,0.5203453368169942
1.1915955955955955,0.5194715407542314
1.1935965965965964,0.5186006744364112
1.1955975975975974,0.5177327231535112
1.1975985985985984,0.5168676722938212
1.1995995995995994,0.5160055073431242
1.2016006006006006,0.5151462138838836
1.2036016016016016,0.5142897775944405
1.2056026026026025,0.5134361842482171
1.2076036036036035,0.5125854197129301
1.2096046046046045,0.5117374699498095
1.2116056056056055,0.5108923210128272
1.2136066066066065,0.5100499590479325
1.2156076076076074,0.5092103702922944
1.2176086086086084,0.5083735410735529
1.2196096096096094,0.507539457809076
1.2216106106106106,0.5067081070052254
1.2236116116116116,0.5058794752566288
1.2256126126126126,0.5050535492454592
1.2276136136136135,0.5042303157407212
1.2296146146146145,0.5034097615975448
1.2316156156156155,0.5025918737564858
1.2336166166166165,0.5017766392428329
1.2356176176176175,0.5009640451659212
1.2376186186186184,0.5001540787184534
1.2396196196196194,0.49934672717582657
1.2416206206206206,0.49854197789546584
1.2436216216216216,0.49773981831616465
1.2456226226226226,0.4969402359574309
1.2476236236236236,0.4961432184188399
1.2496246246246245,0.49534875337939327
1.2516256256256255,0.4945568285968838
1.2536266266266265,0.4937674319072673
1.2556276276276275,0.49298055122403883
1.2576286286286285,0.4921961745376167
1.2596296296296294,0.491414289914731
1.2616306306306306,0.4906348854978185
1.2636316316316316,0.48985794950442346
1.2656326326326326,0.48908347022660353
1.2676336336336336,0.48831143603034194
1.2696346346346346,0.48754183535496487
1.2716356356356355,0.4867746567125643
1.2736366366366365,0.4860098886874265
1.2756376376376375,0.4852475199354658
1.2776386386386385,0.4844875391836636
1.2796396396396394,0.4837299352295129
1.2816406406406404,0.4829746969404676
1.2836416416416416,0.48222181325339725
1.2856426426426426,0.4814712731740474
1.2876436436436436,0.4807230657765036
1.2896446446446446,0.47997718020266156
1.2916456456456455,0.47923360566170214
1.2936466466466465,0.47849233142957076
1.2956476476476475,0.47775334684846166
1.2976486486486485,0.4770166413263075
1.2996496496496495,0.47628220433627305
1.3016506506506504,0.4755500254162537
1.3036516516516516,0.47482009416837895
1.3056526526526526,0.4740924002585202
1.3076536536536536,0.47336693341580255
1.3096546546546546,0.47264368343212226
1.3116556556556556,0.4719226401616675
1.3136566566566565,0.471203793520444
1.3156576576576575,0.4704871334858051
1.3176586586586585,0.46977265009598584
1.3196596596596595,0.46906033344964126
1.3216606606606605,0.46835017370538934
1.3236616616616617,0.4676421610813574
1.3256626626626626,0.46693628585473335
1.3276636636636636,0.4662325383613202
1.3296646646646646,0.46553090899509536
1.3316656656656656,0.4648313882077734
1.3336666666666666,0.46413396650837296
1.3356676676676675,0.46343863446278744
1.3376686686686685,0.4627453826933597
1.3396696696696695,0.4620542018784605
1.3416706706706705,0.4613650827520706
1.3436716716716717,0.46067801610336667
1.3456726726726727,0.4599929927763111
1.3476736736736736,0.45931000366924507
1.3496746746746746,0.4586290397344854
1.3516756756756756,0.4579500919779253
1.3536766766766766,0.4572731514586382
1.3556776776776776,0.4565982092884853
1.3576786786786785,0.4559252566317266
1.3596796796796795,0.4552542847046352
1.3616806806806805,0.4545852847751153
1.3636816816816817,0.45391824816232335
1.3656826826826827,0.4532531662362926
1.3676836836836836,0.4525900304175608
1.3696846846846846,0.4519288321768014
1.3716856856856856,0.4512695630344578
1.3736866866866866,0.4506122145603809
1.3756876876876876,0.4499567783734698
1.3776886886886885,0.4493032461413155
1.3796896896896895,0.44865160957984784
1.3816906906906905,0.44800186045298557
1.3836916916916915,0.4473539905722893
1.3856926926926927,0.44670799179661735
1.3876936936936937,0.4460638560317852
1.3896946946946946,0.4454215752302268
1.3916956956956956,0.4447811413906599
1.3936966966966966,0.4441425465577536
1.3956976976976976,0.44350578282179903
1.3976986986986986,0.4428708423183827
1.3996996996996995,0.4422377172280627
1.4017007007007005,0.4416063997760479
1.4037017017017015,0.4409768822318794
1.4057027027027027,0.44034915690911536
1.4077037037037037,0.4397232161650179
1.4097047047047047,0.4390990524002429
1.4117057057057056,0.4384766580585325
1.4137067067067066,0.4378560256264104
1.4157077077077076,0.43723714763287924
1.4177087087087086,0.43662001664912087
1.4197097097097096,0.4360046252881992
1.4217107107107105,0.4353909662047654
1.4237117117117115,0.43477903209476565
1.4257127127127127,0.4341688156951513
1.4277137137137137,0.4335603097835918
1.4297147147147147,0.43295350717818926
1.4317157157157157,0.43234840073719627
1.4337167167167166,0.4317449833587357
1.4357177177177176,0.43114324798052267
1.4377187187187186,0.43054318757958926
1.4397197197197196,0.42994479517201106
1.4417207207207205,0.42934806381263635
1.4437217217217215,0.4287529865948174
1.4457227227227227,0.428159556650144
1.4477237237237237,0.4275677671481792
1.4497247247247247,0.4269776112961972
1.4517257257257257,0.42638908233892353
1.4537267267267266,0.42580217355827726
1.4557277277277276,0.4252168782731154
1.4577287287287286,0.4246331898389792
1.4597297297297296,0.42405110164784304
1.4617307307307306,0.42347060712786483
1.4637317317317315,0.4228916997431388
1.4657327327327325,0.42231437299345004
1.4677337337337337,0.42173862041403126
1.4697347347347347,0.4211644355753219
1.4717357357357357,0.420591812082728
1.4737367367367367,0.42002074357638547
1.4757377377377376,0.41945122373092436
1.4777387387387386,0.4188832462552354
1.4797397397397396,0.4183168048922382
1.4817407407407406,0.41775189341865177
1.4837417417417416,0.41718850564476634
1.4857427427427425,0.4166266354142174
1.4877437437437437,0.4160662766037614
1.4897447447447447,0.4155074231230535
1.4917457457457457,0.41495006891442665
1.4937467467467467,0.4143942079526729
1.4957477477477477,0.4138398342448262
1.4977487487487486,0.413286941829947
1.4997497497497496,0.41273552477890874
1.5017507507507506,0.4121855771941858
1.5037517517517516,0.4116370932096432
1.5057527527527526,0.41109006699032813
1.5077537537537538,0.41054449273226284
1.5097547547547547,0.4100003646622399
1.5117557557557557,0.40945767703761776
1.5137567567567567,0.4089164241461194
1.5157577577577577,0.4083766003056315
1.5177587587587587,0.4078381998640058
1.5197597597597596,0.40730121719886186
1.5217607607607606,0.4067656467173912
1.5237617617617616,0.4062314828561631
1.5257627627627626,0.40569872008093233
1.5277637637637638,0.40516735288644745
1.5297647647647648,0.4046373757962617
1.5317657657657657,0.4041087833625446
1.5337667667667667,0.40358157016589513
1.5357677677677677,0.40305573081515705
1.5377687687687687,0.40253125994723454
1.5397697697697696,0.40200815222691016
1.5417707707707706,0.40148640234666405
1.5437717717717716,0.40096600502649415
1.5457727727727726,0.40044695501373834
1.5477737737737736,0.3999292470828974
1.5497747747747748,0.39941287603545994
1.5517757757757757,0.39889783669972856
1.5537767767767767,0.3983841239306466
1.5557777777777777,0.3978717326096272
1.5577787787787787,0.39736065764438344
1.5597797797797797,0.3968508939687593
1.5617807807807806,0.39634243654256235
1.5637817817817816,0.39583528035139787
1.5657827827827826,0.39532942040650376
1.5677837837837836,0.394824851744587
1.5697847847847848,0.3943215694276614
1.5717857857857858,0.3938195685428865
1.5737867867867867,0.3933188442024077
1.5757877877877877,0.3928193915431975
1.5777887887887887,0.39232120572689827
1.5797897897897897,0.39182428193966584
1.5817907907907907,0.39132861539201463
1.5837917917917916,0.3908342013186636
1.5857927927927926,0.39034103497838357
1.5877937937937936,0.3898491116538458
1.5897947947947948,0.3893584266514713
1.5917957957957958,0.3888689753012821
1.5937967967967968,0.3883807529567524
1.5957977977977977,0.38789375499466194
1.5977987987987987,0.38740797681495004
1.5997997997997997,0.38692341384057066
1.6018008008008007,0.38644006151734883
1.6038018018018017,0.38595791531383766
1.6058028028028026,0.38547697072117704
1.6078038038038036,0.384997223252953
1.6098048048048048,0.38451866844505794
1.6118058058058058,0.3840413018555528
1.6138068068068068,0.3835651190645289
1.6158078078078077,0.3830901156739719
1.6178088088088087,0.3826162873076264
1.6198098098098097,0.3821436296108615
1.6218108108108107,0.3816721382505375
1.6238118118118117,0.38120180891487304
1.6258128128128126,0.3807326373133143
1.6278138138138136,0.3802646191764042
1.6298148148148146,0.3797977502556528
1.6318158158158158,0.3793320263234089
1.6338168168168168,0.37886744317273247
1.6358178178178178,0.37840399661726787
1.6378188188188187,0.37794168249111804
1.6398198198198197,0.37748049664871997
1.6418208208208207,0.3770204349647203
1.6438218218218217,0.37656149333385297
1.6458228228228227,0.3761036676708165
1.6478238238238236,0.375646953910153
1.6498248248248246,0.375191348006128
1.6518258258258258,0.37473684593261075
1.6538268268268268,0.37428344368295574
1.6558278278278278,0.37383113726988487
1.6578288288288288,0.37337992272537074
1.6598298298298297,0.37292979610052046
1.6618308308308307,0.37248075346546045
1.6638318318318317,0.3720327909092222
1.6658328328328327,0.3715859045396286
1.6678338338338337,0.3711400904831812
1.6698348348348346,0.3706953448849485
1.6718358358358358,0.3702516639084545
1.6738368368368368,0.36980904373556883
1.6758378378378378,0.3693674805663968
1.6778388388388388,0.36892697061917085
1.6798398398398398,0.3684875101301425
1.6818408408408407,0.3680490953534755
1.6838418418418417,0.3676117225611388
1.6858428428428427,0.36717538804280125
1.6878438438438437,0.3667400881057269
1.6898448448448447,0.3663058190746703
1.6918458458458459,0.3658725772917734
1.6938468468468468,0.3654403591164629
1.6958478478478478,0.3650091609253479
1.6978488488488488,0.3645789791121192
1.6998498498498498,0.3641498100874481
1.7018508508508507,0.36372165027888737
1.7038518518518517,0.36329449613077125
1.7058528528528527,0.3628683441041178
1.7078538538538537,0.36244319067653064
1.7098548548548547,0.36201903234210214
1.7118558558558556,0.36159586561131696
1.7138568568568568,0.3611736870109564
1.7158578578578578,0.36075249308400353
1.7178588588588588,0.3603322803895484
1.7198598598598598,0.35991304550269476
1.7218608608608608,0.35949478501446686
1.7238618618618617,0.359077495531717
1.7258628628628627,0.3586611736770338
1.7278638638638637,0.3582458160886512
1.7298648648648647,0.35783141942035784
1.7318658658658657,0.3574179803414071
1.7338668668668669,0.3570054955364282
1.7358678678678678,0.3565939617053373
1.7378688688688688,0.3561833755632495
1.7398698698698698,0.3557737338403917
1.7418708708708708,0.3553650332820153
1.7438718718718718,0.3549572706483106
1.7458728728728727,0.35455044271432073
1.7478738738738737,0.35414454626985686
1.7498748748748747,0.3537395781194137
1.7518758758758757,0.35333553508208565
1.7538768768768769,0.35293241399148345
1.7558778778778779,0.35253021169565174
1.7578788788788788,0.3521289250569864
1.7598798798798798,0.35172855095215344
1.7618808808808808,0.35132908627200776
1.7638818818818818,0.35093052792151264
1.7658828828828828,0.35053287281965995
1.7678838838838837,0.35013611789939053
1.7698848848848847,0.3497402601075157
1.7718858858858857,0.3493452964046384
1.773886886886887,0.3489512237650759
1.7758878878878879,0.3485580391767825
1.7778888888888889,0.3481657396412724
1.7798898898898898,0.3477743221735438
1.7818908908908908,0.34738378380200313
1.7838918918918918,0.3469941215683898
1.7858928928928928,0.34660533252770154
1.7878938938938937,0.34621741374812026
1.7898948948948947,0.34583036231093817
1.7918958958958957,0.34544417531048477
1.793896896896897,0.34505884985405416
1.7958978978978979,0.3446743830618326
1.7978988988988989,0.34429077206682696
1.7998998998998998,0.3439080140147934
1.8019009009009008,0.3435261060641665
1.8039019019019018,0.343145045385989
1.8059029029029028,0.3427648291638421
1.8079039039039038,0.3423854545937758
1.8099049049049047,0.34200691888424006
1.8119059059059057,0.3416292192560166
1.8139069069069067,0.34125235294215034
1.815907907907908,0.3408763171878824
1.8179089089089089,0.3405011092505827
1.8199099099099099,0.34012672639968317
1.8219109109109108,0.33975316591661175
1.8239119119119118,0.3393804250947265
1.8259129129129128,0.33900850123925014
1.8279139139139138,0.3386373916672052
1.8299149149149148,0.33826709370734953
1.8319159159159157,0.33789760470011215
1.8339169169169167,0.3375289219975296
1.835917917917918,0.33716104296318267
1.837918918918919,0.3367939649721336
1.8399199199199199,0.33642768541086354
1.8419209209209209,0.3360622016772106
1.8439219219219218,0.33569751118030833
1.8459229229229228,0.3353336113405243
1.8479239239239238,0.3349704995893994
1.8499249249249248,0.3346081733695873
1.8519259259259258,0.3342466301347946
1.8539269269269267,0.33388586734972114
1.855927927927928,0.33352588249000037
1.857928928928929,0.33316667304214115
1.85992992992993,0.33280823650346864
1.8619309309309309,0.3324505703820665
1.8639319319319319,0.3320936721967189
1.8659329329329328,0.3317375394768536
1.8679339339339338,0.3313821697624843
1.8699349349349348,0.3310275606041546
1.8719359359359358,0.3306737095628813
1.8739369369369367,0.33032061421009873
1.875937937937938,0.32996827212760305
1.877938938938939,0.32961668090749713
1.87993993993994,0.3292658381521357
1.8819409409409409,0.32891574147407077
1.8839419419419419,0.32856638849599745
1.8859429429429428,0.3282177768507004
1.8879439439439438,0.3278699041809999
1.8899449449449448,0.3275227681396993
1.8919459459459458,0.32717636638953174
1.8939469469469468,0.3268306966031079
1.8959479479479477,0.32648575646286376
1.897948948948949,0.3261415436610091
1.89994994994995,0.3257980558994758
1.901950950950951,0.3254552908898665
1.9039519519519519,0.32511324635340433
1.9059529529529529,0.32477192002088184
1.9079539539539538,0.3244313096326112
1.9099549549549548,0.3240914129383741
1.9119559559559558,0.32375222769737244
1.9139569569569568,0.3234137516781788
1.9159579579579578,0.32307598265868775
1.917958958958959,0.32273891842606706
1.91995995995996,0.32240255677670954
1.921960960960961,0.32206689551618484
1.923961961961962,0.32173193245919174
1.9259629629629629,0.321397665429511
1.9279639639639639,0.3210640922599578
1.9299649649649648,0.32073121079233524
1.9319659659659658,0.3203990188773877
1.9339669669669668,0.3200675143747545
1.9359679679679678,0.3197366951529241
1.937968968968969,0.31940655908918814
1.93996996996997,0.31907710406959644
1.941970970970971,0.3187483279889115
1.943971971971972,0.31842022875056386
1.945972972972973,0.3180928042666074
1.9479739739739739,0.3177660524576753
1.9499749749749749,0.31743997125293566
1.9519759759759758,0.31711455859004817
1.9539769769769768,0.3167898124151201
1.9559779779779778,0.31646573068266376
1.957978978978979,0.31614231135555293
1.95997997997998,0.31581955240498055
1.961980980980981,0.3154974518104161
1.963981981981982,0.31517600755956365
1.965982982982983,0.31485521764831975
1.9679839839839839,0.31453508008073183
1.9699849849849849,0.3142155928689568
1.9719859859859858,0.3138967540332201
1.9739869869869868,0.31357856160177444
1.9759879879879878,0.31326101361085956
1.9779889889889888,0.3129441081046614
1.97998998998999,0.3126278431352723
1.981990990990991,0.3123122167626511
1.983991991991992,0.31199722705458305
1.985992992992993,0.3116828720866408
1.987993993993994,0.3113691499421452
1.9899949949949949,0.311056058712126
1.9919959959959959,0.31074359649528344
1.9939969969969968,0.3104317613979497
1.9959979979979978,0.31012055153405066
1.9979989989989988,0.30980996502506764
2.0,0.3095
