element_id,node_i,node_j,element_type,length
0,0,39,beam_x,8.0
1,39,78,beam_x,8.0
2,78,117,beam_x,8.0
3,117,156,beam_x,8.0
4,156,195,beam_x,8.0
5,13,52,beam_x,8.0
6,52,91,beam_x,8.0
7,91,130,beam_x,8.0
8,130,169,beam_x,8.0
9,169,208,beam_x,8.0
10,26,65,beam_x,8.0
11,65,104,beam_x,8.0
12,104,143,beam_x,8.0
13,143,182,beam_x,8.0
14,182,221,beam_x,8.0
15,1,40,beam_x,8.0
16,40,79,beam_x,8.0
17,79,118,beam_x,8.0
18,118,157,beam_x,8.0
19,157,196,beam_x,8.0
20,14,53,beam_x,8.0
21,53,92,beam_x,8.0
22,92,131,beam_x,8.0
23,131,170,beam_x,8.0
24,170,209,beam_x,8.0
25,27,66,beam_x,8.0
26,66,105,beam_x,8.0
27,105,144,beam_x,8.0
28,144,183,beam_x,8.0
29,183,222,beam_x,8.0
30,2,41,beam_x,8.0
31,41,80,beam_x,8.0
32,80,119,beam_x,8.0
33,119,158,beam_x,8.0
34,158,197,beam_x,8.0
35,15,54,beam_x,8.0
36,54,93,beam_x,8.0
37,93,132,beam_x,8.0
38,132,171,beam_x,8.0
39,171,210,beam_x,8.0
40,28,67,beam_x,8.0
41,67,106,beam_x,8.0
42,106,145,beam_x,8.0
43,145,184,beam_x,8.0
44,184,223,beam_x,8.0
45,3,42,beam_x,8.0
46,42,81,beam_x,8.0
47,81,120,beam_x,8.0
48,120,159,beam_x,8.0
49,159,198,beam_x,8.0
50,16,55,beam_x,8.0
51,55,94,beam_x,8.0
52,94,133,beam_x,8.0
53,133,172,beam_x,8.0
54,172,211,beam_x,8.0
55,29,68,beam_x,8.0
56,68,107,beam_x,8.0
57,107,146,beam_x,8.0
58,146,185,beam_x,8.0
59,185,224,beam_x,8.0
60,4,43,beam_x,8.0
61,43,82,beam_x,8.0
62,82,121,beam_x,8.0
63,121,160,beam_x,8.0
64,160,199,beam_x,8.0
65,17,56,beam_x,8.0
66,56,95,beam_x,8.0
67,95,134,beam_x,8.0
68,134,173,beam_x,8.0
69,173,212,beam_x,8.0
70,30,69,beam_x,8.0
71,69,108,beam_x,8.0
72,108,147,beam_x,8.0
73,147,186,beam_x,8.0
74,186,225,beam_x,8.0
75,5,44,beam_x,8.0
76,44,83,beam_x,8.0
77,83,122,beam_x,8.0
78,122,161,beam_x,8.0
79,161,200,beam_x,8.0
80,18,57,beam_x,8.0
81,57,96,beam_x,8.0
82,96,135,beam_x,8.0
83,135,174,beam_x,8.0
84,174,213,beam_x,8.0
85,31,70,beam_x,8.0
86,70,109,beam_x,8.0
87,109,148,beam_x,8.0
88,148,187,beam_x,8.0
89,187,226,beam_x,8.0
90,6,45,beam_x,8.0
91,45,84,beam_x,8.0
92,84,123,beam_x,8.0
93,123,162,beam_x,8.0
94,162,201,beam_x,8.0
95,19,58,beam_x,8.0
96,58,97,beam_x,8.0
97,97,136,beam_x,8.0
98,136,175,beam_x,8.0
99,175,214,beam_x,8.0
100,32,71,beam_x,8.0
101,71,110,beam_x,8.0
102,110,149,beam_x,8.0
103,149,188,beam_x,8.0
104,188,227,beam_x,8.0
105,7,46,beam_x,8.0
106,46,85,beam_x,8.0
107,85,124,beam_x,8.0
108,124,163,beam_x,8.0
109,163,202,beam_x,8.0
110,20,59,beam_x,8.0
111,59,98,beam_x,8.0
112,98,137,beam_x,8.0
113,137,176,beam_x,8.0
114,176,215,beam_x,8.0
115,33,72,beam_x,8.0
116,72,111,beam_x,8.0
117,111,150,beam_x,8.0
118,150,189,beam_x,8.0
119,189,228,beam_x,8.0
120,8,47,beam_x,8.0
121,47,86,beam_x,8.0
122,86,125,beam_x,8.0
123,125,164,beam_x,8.0
124,164,203,beam_x,8.0
125,21,60,beam_x,8.0
126,60,99,beam_x,8.0
127,99,138,beam_x,8.0
128,138,177,beam_x,8.0
129,177,216,beam_x,8.0
130,34,73,beam_x,8.0
131,73,112,beam_x,8.0
132,112,151,beam_x,8.0
133,151,190,beam_x,8.0
134,190,229,beam_x,8.0
135,9,48,beam_x,8.0
136,48,87,beam_x,8.0
137,87,126,beam_x,8.0
138,126,165,beam_x,8.0
139,165,204,beam_x,8.0
140,22,61,beam_x,8.0
141,61,100,beam_x,8.0
142,100,139,beam_x,8.0
143,139,178,beam_x,8.0
144,178,217,beam_x,8.0
145,35,74,beam_x,8.0
146,74,113,beam_x,8.0
147,113,152,beam_x,8.0
148,152,191,beam_x,8.0
149,191,230,beam_x,8.0
150,10,49,beam_x,8.0
151,49,88,beam_x,8.0
152,88,127,beam_x,8.0
153,127,166,beam_x,8.0
154,166,205,beam_x,8.0
155,23,62,beam_x,8.0
156,62,101,beam_x,8.0
157,101,140,beam_x,8.0
158,140,179,beam_x,8.0
159,179,218,beam_x,8.0
160,36,75,beam_x,8.0
161,75,114,beam_x,8.0
162,114,153,beam_x,8.0
163,153,192,beam_x,8.0
164,192,231,beam_x,8.0
165,11,50,beam_x,8.0
166,50,89,beam_x,8.0
167,89,128,beam_x,8.0
168,128,167,beam_x,8.0
169,167,206,beam_x,8.0
170,24,63,beam_x,8.0
171,63,102,beam_x,8.0
172,102,141,beam_x,8.0
173,141,180,beam_x,8.0
174,180,219,beam_x,8.0
175,37,76,beam_x,8.0
176,76,115,beam_x,8.0
177,115,154,beam_x,8.0
178,154,193,beam_x,8.0
179,193,232,beam_x,8.0
180,12,51,beam_x,8.0
181,51,90,beam_x,8.0
182,90,129,beam_x,8.0
183,129,168,beam_x,8.0
184,168,207,beam_x,8.0
185,25,64,beam_x,8.0
186,64,103,beam_x,8.0
187,103,142,beam_x,8.0
188,142,181,beam_x,8.0
189,181,220,beam_x,8.0
190,38,77,beam_x,8.0
191,77,116,beam_x,8.0
192,116,155,beam_x,8.0
193,155,194,beam_x,8.0
194,194,233,beam_x,8.0
195,234,273,beam_x,8.0
196,273,312,beam_x,8.0
197,312,351,beam_x,8.0
198,247,286,beam_x,8.0
199,286,325,beam_x,8.0
200,325,364,beam_x,8.0
201,260,299,beam_x,8.0
202,299,338,beam_x,8.0
203,338,377,beam_x,8.0
204,235,274,beam_x,8.0
205,274,313,beam_x,8.0
206,313,352,beam_x,8.0
207,248,287,beam_x,8.0
208,287,326,beam_x,8.0
209,326,365,beam_x,8.0
210,261,300,beam_x,8.0
211,300,339,beam_x,8.0
212,339,378,beam_x,8.0
213,236,275,beam_x,8.0
214,275,314,beam_x,8.0
215,314,353,beam_x,8.0
216,249,288,beam_x,8.0
217,288,327,beam_x,8.0
218,327,366,beam_x,8.0
219,262,301,beam_x,8.0
220,301,340,beam_x,8.0
221,340,379,beam_x,8.0
222,237,276,beam_x,8.0
223,276,315,beam_x,8.0
224,315,354,beam_x,8.0
225,250,289,beam_x,8.0
226,289,328,beam_x,8.0
227,328,367,beam_x,8.0
228,263,302,beam_x,8.0
229,302,341,beam_x,8.0
230,341,380,beam_x,8.0
231,238,277,beam_x,8.0
232,277,316,beam_x,8.0
233,316,355,beam_x,8.0
234,251,290,beam_x,8.0
235,290,329,beam_x,8.0
236,329,368,beam_x,8.0
237,264,303,beam_x,8.0
238,303,342,beam_x,8.0
239,342,381,beam_x,8.0
240,239,278,beam_x,8.0
241,278,317,beam_x,8.0
242,317,356,beam_x,8.0
243,252,291,beam_x,8.0
244,291,330,beam_x,8.0
245,330,369,beam_x,8.0
246,265,304,beam_x,8.0
247,304,343,beam_x,8.0
248,343,382,beam_x,8.0
249,240,279,beam_x,8.0
250,279,318,beam_x,8.0
251,318,357,beam_x,8.0
252,253,292,beam_x,8.0
253,292,331,beam_x,8.0
254,331,370,beam_x,8.0
255,266,305,beam_x,8.0
256,305,344,beam_x,8.0
257,344,383,beam_x,8.0
258,241,280,beam_x,8.0
259,280,319,beam_x,8.0
260,319,358,beam_x,8.0
261,254,293,beam_x,8.0
262,293,332,beam_x,8.0
263,332,371,beam_x,8.0
264,267,306,beam_x,8.0
265,306,345,beam_x,8.0
266,345,384,beam_x,8.0
267,242,281,beam_x,8.0
268,281,320,beam_x,8.0
269,320,359,beam_x,8.0
270,255,294,beam_x,8.0
271,294,333,beam_x,8.0
272,333,372,beam_x,8.0
273,268,307,beam_x,8.0
274,307,346,beam_x,8.0
275,346,385,beam_x,8.0
276,243,282,beam_x,8.0
277,282,321,beam_x,8.0
278,321,360,beam_x,8.0
279,256,295,beam_x,8.0
280,295,334,beam_x,8.0
281,334,373,beam_x,8.0
282,269,308,beam_x,8.0
283,308,347,beam_x,8.0
284,347,386,beam_x,8.0
285,244,283,beam_x,8.0
286,283,322,beam_x,8.0
287,322,361,beam_x,8.0
288,257,296,beam_x,8.0
289,296,335,beam_x,8.0
290,335,374,beam_x,8.0
291,270,309,beam_x,8.0
292,309,348,beam_x,8.0
293,348,387,beam_x,8.0
294,245,284,beam_x,8.0
295,284,323,beam_x,8.0
296,323,362,beam_x,8.0
297,258,297,beam_x,8.0
298,297,336,beam_x,8.0
299,336,375,beam_x,8.0
300,271,310,beam_x,8.0
301,310,349,beam_x,8.0
302,349,388,beam_x,8.0
303,246,285,beam_x,8.0
304,285,324,beam_x,8.0
305,324,363,beam_x,8.0
306,259,298,beam_x,8.0
307,298,337,beam_x,8.0
308,337,376,beam_x,8.0
309,272,311,beam_x,8.0
310,311,350,beam_x,8.0
311,350,389,beam_x,8.0
312,0,13,beam_y,8.0
313,13,26,beam_y,8.0
314,39,52,beam_y,8.0
315,52,65,beam_y,8.0
316,78,91,beam_y,8.0
317,91,104,beam_y,8.0
318,117,130,beam_y,8.0
319,130,143,beam_y,8.0
320,156,169,beam_y,8.0
321,169,182,beam_y,8.0
322,195,208,beam_y,8.0
323,208,221,beam_y,8.0
324,1,14,beam_y,8.0
325,14,27,beam_y,8.0
326,40,53,beam_y,8.0
327,53,66,beam_y,8.0
328,79,92,beam_y,8.0
329,92,105,beam_y,8.0
330,118,131,beam_y,8.0
331,131,144,beam_y,8.0
332,157,170,beam_y,8.0
333,170,183,beam_y,8.0
334,196,209,beam_y,8.0
335,209,222,beam_y,8.0
336,2,15,beam_y,8.0
337,15,28,beam_y,8.0
338,41,54,beam_y,8.0
339,54,67,beam_y,8.0
340,80,93,beam_y,8.0
341,93,106,beam_y,8.0
342,119,132,beam_y,8.0
343,132,145,beam_y,8.0
344,158,171,beam_y,8.0
345,171,184,beam_y,8.0
346,197,210,beam_y,8.0
347,210,223,beam_y,8.0
348,3,16,beam_y,8.0
349,16,29,beam_y,8.0
350,42,55,beam_y,8.0
351,55,68,beam_y,8.0
352,81,94,beam_y,8.0
353,94,107,beam_y,8.0
354,120,133,beam_y,8.0
355,133,146,beam_y,8.0
356,159,172,beam_y,8.0
357,172,185,beam_y,8.0
358,198,211,beam_y,8.0
359,211,224,beam_y,8.0
360,4,17,beam_y,8.0
361,17,30,beam_y,8.0
362,43,56,beam_y,8.0
363,56,69,beam_y,8.0
364,82,95,beam_y,8.0
365,95,108,beam_y,8.0
366,121,134,beam_y,8.0
367,134,147,beam_y,8.0
368,160,173,beam_y,8.0
369,173,186,beam_y,8.0
370,199,212,beam_y,8.0
371,212,225,beam_y,8.0
372,5,18,beam_y,8.0
373,18,31,beam_y,8.0
374,44,57,beam_y,8.0
375,57,70,beam_y,8.0
376,83,96,beam_y,8.0
377,96,109,beam_y,8.0
378,122,135,beam_y,8.0
379,135,148,beam_y,8.0
380,161,174,beam_y,8.0
381,174,187,beam_y,8.0
382,200,213,beam_y,8.0
383,213,226,beam_y,8.0
384,6,19,beam_y,8.0
385,19,32,beam_y,8.0
386,45,58,beam_y,8.0
387,58,71,beam_y,8.0
388,84,97,beam_y,8.0
389,97,110,beam_y,8.0
390,123,136,beam_y,8.0
391,136,149,beam_y,8.0
392,162,175,beam_y,8.0
393,175,188,beam_y,8.0
394,201,214,beam_y,8.0
395,214,227,beam_y,8.0
396,7,20,beam_y,8.0
397,20,33,beam_y,8.0
398,46,59,beam_y,8.0
399,59,72,beam_y,8.0
400,85,98,beam_y,8.0
401,98,111,beam_y,8.0
402,124,137,beam_y,8.0
403,137,150,beam_y,8.0
404,163,176,beam_y,8.0
405,176,189,beam_y,8.0
406,202,215,beam_y,8.0
407,215,228,beam_y,8.0
408,8,21,beam_y,8.0
409,21,34,beam_y,8.0
410,47,60,beam_y,8.0
411,60,73,beam_y,8.0
412,86,99,beam_y,8.0
413,99,112,beam_y,8.0
414,125,138,beam_y,8.0
415,138,151,beam_y,8.0
416,164,177,beam_y,8.0
417,177,190,beam_y,8.0
418,203,216,beam_y,8.0
419,216,229,beam_y,8.0
420,9,22,beam_y,8.0
421,22,35,beam_y,8.0
422,48,61,beam_y,8.0
423,61,74,beam_y,8.0
424,87,100,beam_y,8.0
425,100,113,beam_y,8.0
426,126,139,beam_y,8.0
427,139,152,beam_y,8.0
428,165,178,beam_y,8.0
429,178,191,beam_y,8.0
430,204,217,beam_y,8.0
431,217,230,beam_y,8.0
432,10,23,beam_y,8.0
433,23,36,beam_y,8.0
434,49,62,beam_y,8.0
435,62,75,beam_y,8.0
436,88,101,beam_y,8.0
437,101,114,beam_y,8.0
438,127,140,beam_y,8.0
439,140,153,beam_y,8.0
440,166,179,beam_y,8.0
441,179,192,beam_y,8.0
442,205,218,beam_y,8.0
443,218,231,beam_y,8.0
444,11,24,beam_y,8.0
445,24,37,beam_y,8.0
446,50,63,beam_y,8.0
447,63,76,beam_y,8.0
448,89,102,beam_y,8.0
449,102,115,beam_y,8.0
450,128,141,beam_y,8.0
451,141,154,beam_y,8.0
452,167,180,beam_y,8.0
453,180,193,beam_y,8.0
454,206,219,beam_y,8.0
455,219,232,beam_y,8.0
456,12,25,beam_y,8.0
457,25,38,beam_y,8.0
458,51,64,beam_y,8.0
459,64,77,beam_y,8.0
460,90,103,beam_y,8.0
461,103,116,beam_y,8.0
462,129,142,beam_y,8.0
463,142,155,beam_y,8.0
464,168,181,beam_y,8.0
465,181,194,beam_y,8.0
466,207,220,beam_y,8.0
467,220,233,beam_y,8.0
468,234,247,beam_y,8.0
469,247,260,beam_y,8.0
470,273,286,beam_y,8.0
471,286,299,beam_y,8.0
472,312,325,beam_y,8.0
473,325,338,beam_y,8.0
474,351,364,beam_y,8.0
475,364,377,beam_y,8.0
476,235,248,beam_y,8.0
477,248,261,beam_y,8.0
478,274,287,beam_y,8.0
479,287,300,beam_y,8.0
480,313,326,beam_y,8.0
481,326,339,beam_y,8.0
482,352,365,beam_y,8.0
483,365,378,beam_y,8.0
484,236,249,beam_y,8.0
485,249,262,beam_y,8.0
486,275,288,beam_y,8.0
487,288,301,beam_y,8.0
488,314,327,beam_y,8.0
489,327,340,beam_y,8.0
490,353,366,beam_y,8.0
491,366,379,beam_y,8.0
492,237,250,beam_y,8.0
493,250,263,beam_y,8.0
494,276,289,beam_y,8.0
495,289,302,beam_y,8.0
496,315,328,beam_y,8.0
497,328,341,beam_y,8.0
498,354,367,beam_y,8.0
499,367,380,beam_y,8.0
500,238,251,beam_y,8.0
501,251,264,beam_y,8.0
502,277,290,beam_y,8.0
503,290,303,beam_y,8.0
504,316,329,beam_y,8.0
505,329,342,beam_y,8.0
506,355,368,beam_y,8.0
507,368,381,beam_y,8.0
508,239,252,beam_y,8.0
509,252,265,beam_y,8.0
510,278,291,beam_y,8.0
511,291,304,beam_y,8.0
512,317,330,beam_y,8.0
513,330,343,beam_y,8.0
514,356,369,beam_y,8.0
515,369,382,beam_y,8.0
516,240,253,beam_y,8.0
517,253,266,beam_y,8.0
518,279,292,beam_y,8.0
519,292,305,beam_y,8.0
520,318,331,beam_y,8.0
521,331,344,beam_y,8.0
522,357,370,beam_y,8.0
523,370,383,beam_y,8.0
524,241,254,beam_y,8.0
525,254,267,beam_y,8.0
526,280,293,beam_y,8.0
527,293,306,beam_y,8.0
528,319,332,beam_y,8.0
529,332,345,beam_y,8.0
530,358,371,beam_y,8.0
531,371,384,beam_y,8.0
532,242,255,beam_y,8.0
533,255,268,beam_y,8.0
534,281,294,beam_y,8.0
535,294,307,beam_y,8.0
536,320,333,beam_y,8.0
537,333,346,beam_y,8.0
538,359,372,beam_y,8.0
539,372,385,beam_y,8.0
540,243,256,beam_y,8.0
541,256,269,beam_y,8.0
542,282,295,beam_y,8.0
543,295,308,beam_y,8.0
544,321,334,beam_y,8.0
545,334,347,beam_y,8.0
546,360,373,beam_y,8.0
547,373,386,beam_y,8.0
548,244,257,beam_y,8.0
549,257,270,beam_y,8.0
550,283,296,beam_y,8.0
551,296,309,beam_y,8.0
552,322,335,beam_y,8.0
553,335,348,beam_y,8.0
554,361,374,beam_y,8.0
555,374,387,beam_y,8.0
556,245,258,beam_y,8.0
557,258,271,beam_y,8.0
558,284,297,beam_y,8.0
559,297,310,beam_y,8.0
560,323,336,beam_y,8.0
561,336,349,beam_y,8.0
562,362,375,beam_y,8.0
563,375,388,beam_y,8.0
564,246,259,beam_y,8.0
565,259,272,beam_y,8.0
566,285,298,beam_y,8.0
567,298,311,beam_y,8.0
568,324,337,beam_y,8.0
569,337,350,beam_y,8.0
570,363,376,beam_y,8.0
571,376,389,beam_y,8.0
572,0,1,column,9.0
573,13,14,column,9.0
574,26,27,column,9.0
575,39,40,column,9.0
576,52,53,column,9.0
577,65,66,column,9.0
578,78,79,column,9.0
579,91,92,column,9.0
580,104,105,column,9.0
581,117,118,column,9.0
582,130,131,column,9.0
583,143,144,column,9.0
584,156,157,column,9.0
585,169,170,column,9.0
586,182,183,column,9.0
587,195,196,column,9.0
588,208,209,column,9.0
589,221,222,column,9.0
590,1,2,column,6.0
591,14,15,column,6.0
592,27,28,column,6.0
593,40,41,column,6.0
594,53,54,column,6.0
595,66,67,column,6.0
596,79,80,column,6.0
597,92,93,column,6.0
598,105,106,column,6.0
599,118,119,column,6.0
600,131,132,column,6.0
601,144,145,column,6.0
602,157,158,column,6.0
603,170,171,column,6.0
604,183,184,column,6.0
605,196,197,column,6.0
606,209,210,column,6.0
607,222,223,column,6.0
608,2,3,column,6.0
609,15,16,column,6.0
610,28,29,column,6.0
611,41,42,column,6.0
612,54,55,column,6.0
613,67,68,column,6.0
614,80,81,column,6.0
615,93,94,column,6.0
616,106,107,column,6.0
617,119,120,column,6.0
618,132,133,column,6.0
619,145,146,column,6.0
620,158,159,column,6.0
621,171,172,column,6.0
622,184,185,column,6.0
623,197,198,column,6.0
624,210,211,column,6.0
625,223,224,column,6.0
626,3,4,column,6.0
627,16,17,column,6.0
628,29,30,column,6.0
629,42,43,column,6.0
630,55,56,column,6.0
631,68,69,column,6.0
632,81,82,column,6.0
633,94,95,column,6.0
634,107,108,column,6.0
635,120,121,column,6.0
636,133,134,column,6.0
637,146,147,column,6.0
638,159,160,column,6.0
639,172,173,column,6.0
640,185,186,column,6.0
641,198,199,column,6.0
642,211,212,column,6.0
643,224,225,column,6.0
644,4,5,column,6.0
645,17,18,column,6.0
646,30,31,column,6.0
647,43,44,column,6.0
648,56,57,column,6.0
649,69,70,column,6.0
650,82,83,column,6.0
651,95,96,column,6.0
652,108,109,column,6.0
653,121,122,column,6.0
654,134,135,column,6.0
655,147,148,column,6.0
656,160,161,column,6.0
657,173,174,column,6.0
658,186,187,column,6.0
659,199,200,column,6.0
660,212,213,column,6.0
661,225,226,column,6.0
662,5,6,column,6.0
663,18,19,column,6.0
664,31,32,column,6.0
665,44,45,column,6.0
666,57,58,column,6.0
667,70,71,column,6.0
668,83,84,column,6.0
669,96,97,column,6.0
670,109,110,column,6.0
671,122,123,column,6.0
672,135,136,column,6.0
673,148,149,column,6.0
674,161,162,column,6.0
675,174,175,column,6.0
676,187,188,column,6.0
677,200,201,column,6.0
678,213,214,column,6.0
679,226,227,column,6.0
680,6,7,column,6.0
681,19,20,column,6.0
682,32,33,column,6.0
683,45,46,column,6.0
684,58,59,column,6.0
685,71,72,column,6.0
686,84,85,column,6.0
687,97,98,column,6.0
688,110,111,column,6.0
689,123,124,column,6.0
690,136,137,column,6.0
691,149,150,column,6.0
692,162,163,column,6.0
693,175,176,column,6.0
694,188,189,column,6.0
695,201,202,column,6.0
696,214,215,column,6.0
697,227,228,column,6.0
698,7,8,column,6.0
699,20,21,column,6.0
700,33,34,column,6.0
701,46,47,column,6.0
702,59,60,column,6.0
703,72,73,column,6.0
704,85,86,column,6.0
705,98,99,column,6.0
706,111,112,column,6.0
707,124,125,column,6.0
708,137,138,column,6.0
709,150,151,column,6.0
710,163,164,column,6.0
711,176,177,column,6.0
712,189,190,column,6.0
713,202,203,column,6.0
714,215,216,column,6.0
715,228,229,column,6.0
716,8,9,column,6.0
717,21,22,column,6.0
718,34,35,column,6.0
719,47,48,column,6.0
720,60,61,column,6.0
721,73,74,column,6.0
722,86,87,column,6.0
723,99,100,column,6.0
724,112,113,column,6.0
725,125,126,column,6.0
726,138,139,column,6.0
727,151,152,column,6.0
728,164,165,column,6.0
729,177,178,column,6.0
730,190,191,column,6.0
731,203,204,column,6.0
732,216,217,column,6.0
733,229,230,column,6.0
734,9,10,column,6.0
735,22,23,column,6.0
736,35,36,column,6.0
737,48,49,column,6.0
738,61,62,column,6.0
739,74,75,column,6.0
740,87,88,column,6.0
741,100,101,column,6.0
742,113,114,column,6.0
743,126,127,column,6.0
744,139,140,column,6.0
745,152,153,column,6.0
746,165,166,column,6.0
747,178,179,column,6.0
748,191,192,column,6.0
749,204,205,column,6.0
750,217,218,column,6.0
751,230,231,column,6.0
752,10,11,column,6.0
753,23,24,column,6.0
754,36,37,column,6.0
755,49,50,column,6.0
756,62,63,column,6.0
757,75,76,column,6.0
758,88,89,column,6.0
759,101,102,column,6.0
760,114,115,column,6.0
761,127,128,column,6.0
762,140,141,column,6.0
763,153,154,column,6.0
764,166,167,column,6.0
765,179,180,column,6.0
766,192,193,column,6.0
767,205,206,column,6.0
768,218,219,column,6.0
769,231,232,column,6.0
770,11,12,column,6.0
771,24,25,column,6.0
772,37,38,column,6.0
773,50,51,column,6.0
774,63,64,column,6.0
775,76,77,column,6.0
776,89,90,column,6.0
777,102,103,column,6.0
778,115,116,column,6.0
779,128,129,column,6.0
780,141,142,column,6.0
781,154,155,column,6.0
782,167,168,column,6.0
783,180,181,column,6.0
784,193,194,column,6.0
785,206,207,column,6.0
786,219,220,column,6.0
787,232,233,column,6.0
788,51,234,column,6.0
789,64,247,column,6.0
790,77,260,column,6.0
791,90,273,column,6.0
792,103,286,column,6.0
793,116,299,column,6.0
794,129,312,column,6.0
795,142,325,column,6.0
796,155,338,column,6.0
797,168,351,column,6.0
798,181,364,column,6.0
799,194,377,column,6.0
800,234,235,column,6.0
801,247,248,column,6.0
802,260,261,column,6.0
803,273,274,column,6.0
804,286,287,column,6.0
805,299,300,column,6.0
806,312,313,column,6.0
807,325,326,column,6.0
808,338,339,column,6.0
809,351,352,column,6.0
810,364,365,column,6.0
811,377,378,column,6.0
812,235,236,column,6.0
813,248,249,column,6.0
814,261,262,column,6.0
815,274,275,column,6.0
816,287,288,column,6.0
817,300,301,column,6.0
818,313,314,column,6.0
819,326,327,column,6.0
820,339,340,column,6.0
821,352,353,column,6.0
822,365,366,column,6.0
823,378,379,column,6.0
824,236,237,column,6.0
825,249,250,column,6.0
826,262,263,column,6.0
827,275,276,column,6.0
828,288,289,column,6.0
829,301,302,column,6.0
830,314,315,column,6.0
831,327,328,column,6.0
832,340,341,column,6.0
833,353,354,column,6.0
834,366,367,column,6.0
835,379,380,column,6.0
836,237,238,column,6.0
837,250,251,column,6.0
838,263,264,column,6.0
839,276,277,column,6.0
840,289,290,column,6.0
841,302,303,column,6.0
842,315,316,column,6.0
843,328,329,column,6.0
844,341,342,column,6.0
845,354,355,column,6.0
846,367,368,column,6.0
847,380,381,column,6.0
848,238,239,column,6.0
849,251,252,column,6.0
850,264,265,column,6.0
851,277,278,column,6.0
852,290,291,column,6.0
853,303,304,column,6.0
854,316,317,column,6.0
855,329,330,column,6.0
856,342,343,column,6.0
857,355,356,column,6.0
858,368,369,column,6.0
859,381,382,column,6.0
860,239,240,column,6.0
861,252,253,column,6.0
862,265,266,column,6.0
863,278,279,column,6.0
864,291,292,column,6.0
865,304,305,column,6.0
866,317,318,column,6.0
867,330,331,column,6.0
868,343,344,column,6.0
869,356,357,column,6.0
870,369,370,column,6.0
871,382,383,column,6.0
872,240,241,column,6.0
873,253,254,column,6.0
874,266,267,column,6.0
875,279,280,column,6.0
876,292,293,column,6.0
877,305,306,column,6.0
878,318,319,column,6.0
879,331,332,column,6.0
880,344,345,column,6.0
881,357,358,column,6.0
882,370,371,column,6.0
883,383,384,column,6.0
884,241,242,column,6.0
885,254,255,column,6.0
886,267,268,column,6.0
887,280,281,column,6.0
888,293,294,column,6.0
889,306,307,column,6.0
890,319,320,column,6.0
891,332,333,column,6.0
892,345,346,column,6.0
893,358,359,column,6.0
894,371,372,column,6.0
895,384,385,column,6.0
896,242,243,column,6.0
897,255,256,column,6.0
898,268,269,column,6.0
899,281,282,column,6.0
900,294,295,column,6.0
901,307,308,column,6.0
902,320,321,column,6.0
903,333,334,column,6.0
904,346,347,column,6.0
905,359,360,column,6.0
906,372,373,column,6.0
907,385,386,column,6.0
908,243,244,column,6.0
909,256,257,column,6.0
910,269,270,column,6.0
911,282,283,column,6.0
912,295,296,column,6.0
913,308,309,column,6.0
914,321,322,column,6.0
915,334,335,column,6.0
916,347,348,column,6.0
917,360,361,column,6.0
918,373,374,column,6.0
919,386,387,column,6.0
920,244,245,column,6.0
921,257,258,column,6.0
922,270,271,column,6.0
923,283,284,column,6.0
924,296,297,column,6.0
925,309,310,column,6.0
926,322,323,column,6.0
927,335,336,column,6.0
928,348,349,column,6.0
929,361,362,column,6.0
930,374,375,column,6.0
931,387,388,column,6.0
932,245,246,column,6.0
933,258,259,column,6.0
934,271,272,column,6.0
935,284,285,column,6.0
936,297,298,column,6.0
937,310,311,column,6.0
938,323,324,column,6.0
939,336,337,column,6.0
940,349,350,column,6.0
941,362,363,column,6.0
942,375,376,column,6.0
943,388,389,column,6.0
944,0,41,brace_xz,17.0
945,39,2,brace_xz,17.0
946,39,80,brace_xz,17.0
947,78,41,brace_xz,17.0
948,117,158,brace_xz,17.0
949,156,119,brace_xz,17.0
950,156,197,brace_xz,17.0
951,195,158,brace_xz,17.0
952,13,54,brace_xz,17.0
953,52,15,brace_xz,17.0
954,52,93,brace_xz,17.0
955,91,54,brace_xz,17.0
956,130,171,brace_xz,17.0
957,169,132,brace_xz,17.0
958,169,210,brace_xz,17.0
959,208,171,brace_xz,17.0
960,26,67,brace_xz,17.0
961,65,28,brace_xz,17.0
962,65,106,brace_xz,17.0
963,104,67,brace_xz,17.0
964,143,184,brace_xz,17.0
965,182,145,brace_xz,17.0
966,182,223,brace_xz,17.0
967,221,184,brace_xz,17.0
968,2,43,brace_xz,14.4222
969,41,4,brace_xz,14.4222
970,41,82,brace_xz,14.4222
971,80,43,brace_xz,14.4222
972,119,160,brace_xz,14.4222
973,158,121,brace_xz,14.4222
974,158,199,brace_xz,14.4222
975,197,160,brace_xz,14.4222
976,15,56,brace_xz,14.4222
977,54,17,brace_xz,14.4222
978,54,95,brace_xz,14.4222
979,93,56,brace_xz,14.4222
980,132,173,brace_xz,14.4222
981,171,134,brace_xz,14.4222
982,171,212,brace_xz,14.4222
983,210,173,brace_xz,14.4222
984,28,69,brace_xz,14.4222
985,67,30,brace_xz,14.4222
986,67,108,brace_xz,14.4222
987,106,69,brace_xz,14.4222
988,145,186,brace_xz,14.4222
989,184,147,brace_xz,14.4222
990,184,225,brace_xz,14.4222
991,223,186,brace_xz,14.4222
992,4,45,brace_xz,14.4222
993,43,6,brace_xz,14.4222
994,43,84,brace_xz,14.4222
995,82,45,brace_xz,14.4222
996,121,162,brace_xz,14.4222
997,160,123,brace_xz,14.4222
998,160,201,brace_xz,14.4222
999,199,162,brace_xz,14.4222
1000,17,58,brace_xz,14.4222
1001,56,19,brace_xz,14.4222
1002,56,97,brace_xz,14.4222
1003,95,58,brace_xz,14.4222
1004,134,175,brace_xz,14.4222
1005,173,136,brace_xz,14.4222
1006,173,214,brace_xz,14.4222
1007,212,175,brace_xz,14.4222
1008,30,71,brace_xz,14.4222
1009,69,32,brace_xz,14.4222
1010,69,110,brace_xz,14.4222
1011,108,71,brace_xz,14.4222
1012,147,188,brace_xz,14.4222
1013,186,149,brace_xz,14.4222
1014,186,227,brace_xz,14.4222
1015,225,188,brace_xz,14.4222
1016,6,47,brace_xz,14.4222
1017,45,8,brace_xz,14.4222
1018,45,86,brace_xz,14.4222
1019,84,47,brace_xz,14.4222
1020,123,164,brace_xz,14.4222
1021,162,125,brace_xz,14.4222
1022,162,203,brace_xz,14.4222
1023,201,164,brace_xz,14.4222
1024,19,60,brace_xz,14.4222
1025,58,21,brace_xz,14.4222
1026,58,99,brace_xz,14.4222
1027,97,60,brace_xz,14.4222
1028,136,177,brace_xz,14.4222
1029,175,138,brace_xz,14.4222
1030,175,216,brace_xz,14.4222
1031,214,177,brace_xz,14.4222
1032,32,73,brace_xz,14.4222
1033,71,34,brace_xz,14.4222
1034,71,112,brace_xz,14.4222
1035,110,73,brace_xz,14.4222
1036,149,190,brace_xz,14.4222
1037,188,151,brace_xz,14.4222
1038,188,229,brace_xz,14.4222
1039,227,190,brace_xz,14.4222
1040,8,49,brace_xz,14.4222
1041,47,10,brace_xz,14.4222
1042,47,88,brace_xz,14.4222
1043,86,49,brace_xz,14.4222
1044,125,166,brace_xz,14.4222
1045,164,127,brace_xz,14.4222
1046,164,205,brace_xz,14.4222
1047,203,166,brace_xz,14.4222
1048,21,62,brace_xz,14.4222
1049,60,23,brace_xz,14.4222
1050,60,101,brace_xz,14.4222
1051,99,62,brace_xz,14.4222
1052,138,179,brace_xz,14.4222
1053,177,140,brace_xz,14.4222
1054,177,218,brace_xz,14.4222
1055,216,179,brace_xz,14.4222
1056,34,75,brace_xz,14.4222
1057,73,36,brace_xz,14.4222
1058,73,114,brace_xz,14.4222
1059,112,75,brace_xz,14.4222
1060,151,192,brace_xz,14.4222
1061,190,153,brace_xz,14.4222
1062,190,231,brace_xz,14.4222
1063,229,192,brace_xz,14.4222
1064,10,51,brace_xz,14.4222
1065,49,12,brace_xz,14.4222
1066,49,90,brace_xz,14.4222
1067,88,51,brace_xz,14.4222
1068,127,168,brace_xz,14.4222
1069,166,129,brace_xz,14.4222
1070,166,207,brace_xz,14.4222
1071,205,168,brace_xz,14.4222
1072,23,64,brace_xz,14.4222
1073,62,25,brace_xz,14.4222
1074,62,103,brace_xz,14.4222
1075,101,64,brace_xz,14.4222
1076,140,181,brace_xz,14.4222
1077,179,142,brace_xz,14.4222
1078,179,220,brace_xz,14.4222
1079,218,181,brace_xz,14.4222
1080,36,77,brace_xz,14.4222
1081,75,38,brace_xz,14.4222
1082,75,116,brace_xz,14.4222
1083,114,77,brace_xz,14.4222
1084,153,194,brace_xz,14.4222
1085,192,155,brace_xz,14.4222
1086,192,233,brace_xz,14.4222
1087,231,194,brace_xz,14.4222
1088,51,274,brace_xz,14.4222
1089,90,235,brace_xz,14.4222
1090,129,352,brace_xz,14.4222
1091,168,313,brace_xz,14.4222
1092,64,287,brace_xz,14.4222
1093,103,248,brace_xz,14.4222
1094,142,365,brace_xz,14.4222
1095,181,326,brace_xz,14.4222
1096,77,300,brace_xz,14.4222
1097,116,261,brace_xz,14.4222
1098,155,378,brace_xz,14.4222
1099,194,339,brace_xz,14.4222
1100,235,276,brace_xz,14.4222
1101,274,237,brace_xz,14.4222
1102,313,354,brace_xz,14.4222
1103,352,315,brace_xz,14.4222
1104,248,289,brace_xz,14.4222
1105,287,250,brace_xz,14.4222
1106,326,367,brace_xz,14.4222
1107,365,328,brace_xz,14.4222
1108,261,302,brace_xz,14.4222
1109,300,263,brace_xz,14.4222
1110,339,380,brace_xz,14.4222
1111,378,341,brace_xz,14.4222
1112,237,278,brace_xz,14.4222
1113,276,239,brace_xz,14.4222
1114,315,356,brace_xz,14.4222
1115,354,317,brace_xz,14.4222
1116,250,291,brace_xz,14.4222
1117,289,252,brace_xz,14.4222
1118,328,369,brace_xz,14.4222
1119,367,330,brace_xz,14.4222
1120,263,304,brace_xz,14.4222
1121,302,265,brace_xz,14.4222
1122,341,382,brace_xz,14.4222
1123,380,343,brace_xz,14.4222
1124,239,280,brace_xz,14.4222
1125,278,241,brace_xz,14.4222
1126,317,358,brace_xz,14.4222
1127,356,319,brace_xz,14.4222
1128,252,293,brace_xz,14.4222
1129,291,254,brace_xz,14.4222
1130,330,371,brace_xz,14.4222
1131,369,332,brace_xz,14.4222
1132,265,306,brace_xz,14.4222
1133,304,267,brace_xz,14.4222
1134,343,384,brace_xz,14.4222
1135,382,345,brace_xz,14.4222
1136,241,282,brace_xz,14.4222
1137,280,243,brace_xz,14.4222
1138,319,360,brace_xz,14.4222
1139,358,321,brace_xz,14.4222
1140,254,295,brace_xz,14.4222
1141,293,256,brace_xz,14.4222
1142,332,373,brace_xz,14.4222
1143,371,334,brace_xz,14.4222
1144,267,308,brace_xz,14.4222
1145,306,269,brace_xz,14.4222
1146,345,386,brace_xz,14.4222
1147,384,347,brace_xz,14.4222
1148,243,284,brace_xz,14.4222
1149,282,245,brace_xz,14.4222
1150,321,362,brace_xz,14.4222
1151,360,323,brace_xz,14.4222
1152,256,297,brace_xz,14.4222
1153,295,258,brace_xz,14.4222
1154,334,375,brace_xz,14.4222
1155,373,336,brace_xz,14.4222
1156,269,310,brace_xz,14.4222
1157,308,271,brace_xz,14.4222
1158,347,388,brace_xz,14.4222
1159,386,349,brace_xz,14.4222
1160,0,15,brace_yz,17.0
1161,13,2,brace_yz,17.0
1162,13,28,brace_yz,17.0
1163,26,15,brace_yz,17.0
1164,39,54,brace_yz,17.0
1165,52,41,brace_yz,17.0
1166,52,67,brace_yz,17.0
1167,65,54,brace_yz,17.0
1168,195,210,brace_yz,17.0
1169,208,197,brace_yz,17.0
1170,208,223,brace_yz,17.0
1171,221,210,brace_yz,17.0
1172,156,171,brace_yz,17.0
1173,169,158,brace_yz,17.0
1174,169,184,brace_yz,17.0
1175,182,171,brace_yz,17.0
1176,2,17,brace_yz,14.4222
1177,15,4,brace_yz,14.4222
1178,15,30,brace_yz,14.4222
1179,28,17,brace_yz,14.4222
1180,41,56,brace_yz,14.4222
1181,54,43,brace_yz,14.4222
1182,54,69,brace_yz,14.4222
1183,67,56,brace_yz,14.4222
1184,197,212,brace_yz,14.4222
1185,210,199,brace_yz,14.4222
1186,210,225,brace_yz,14.4222
1187,223,212,brace_yz,14.4222
1188,158,173,brace_yz,14.4222
1189,171,160,brace_yz,14.4222
1190,171,186,brace_yz,14.4222
1191,184,173,brace_yz,14.4222
1192,4,19,brace_yz,14.4222
1193,17,6,brace_yz,14.4222
1194,17,32,brace_yz,14.4222
1195,30,19,brace_yz,14.4222
1196,43,58,brace_yz,14.4222
1197,56,45,brace_yz,14.4222
1198,56,71,brace_yz,14.4222
1199,69,58,brace_yz,14.4222
1200,199,214,brace_yz,14.4222
1201,212,201,brace_yz,14.4222
1202,212,227,brace_yz,14.4222
1203,225,214,brace_yz,14.4222
1204,160,175,brace_yz,14.4222
1205,173,162,brace_yz,14.4222
1206,173,188,brace_yz,14.4222
1207,186,175,brace_yz,14.4222
1208,6,21,brace_yz,14.4222
1209,19,8,brace_yz,14.4222
1210,19,34,brace_yz,14.4222
1211,32,21,brace_yz,14.4222
1212,45,60,brace_yz,14.4222
1213,58,47,brace_yz,14.4222
1214,58,73,brace_yz,14.4222
1215,71,60,brace_yz,14.4222
1216,201,216,brace_yz,14.4222
1217,214,203,brace_yz,14.4222
1218,214,229,brace_yz,14.4222
1219,227,216,brace_yz,14.4222
1220,162,177,brace_yz,14.4222
1221,175,164,brace_yz,14.4222
1222,175,190,brace_yz,14.4222
1223,188,177,brace_yz,14.4222
1224,8,23,brace_yz,14.4222
1225,21,10,brace_yz,14.4222
1226,21,36,brace_yz,14.4222
1227,34,23,brace_yz,14.4222
1228,47,62,brace_yz,14.4222
1229,60,49,brace_yz,14.4222
1230,60,75,brace_yz,14.4222
1231,73,62,brace_yz,14.4222
1232,203,218,brace_yz,14.4222
1233,216,205,brace_yz,14.4222
1234,216,231,brace_yz,14.4222
1235,229,218,brace_yz,14.4222
1236,164,179,brace_yz,14.4222
1237,177,166,brace_yz,14.4222
1238,177,192,brace_yz,14.4222
1239,190,179,brace_yz,14.4222
1240,10,25,brace_yz,14.4222
1241,23,12,brace_yz,14.4222
1242,23,38,brace_yz,14.4222
1243,36,25,brace_yz,14.4222
1244,49,64,brace_yz,14.4222
1245,62,51,brace_yz,14.4222
1246,62,77,brace_yz,14.4222
1247,75,64,brace_yz,14.4222
1248,205,220,brace_yz,14.4222
1249,218,207,brace_yz,14.4222
1250,218,233,brace_yz,14.4222
1251,231,220,brace_yz,14.4222
1252,166,181,brace_yz,14.4222
1253,179,168,brace_yz,14.4222
1254,179,194,brace_yz,14.4222
1255,192,181,brace_yz,14.4222
1256,51,248,brace_yz,14.4222
1257,64,235,brace_yz,14.4222
1258,64,261,brace_yz,14.4222
1259,77,248,brace_yz,14.4222
1260,168,365,brace_yz,14.4222
1261,181,352,brace_yz,14.4222
1262,181,378,brace_yz,14.4222
1263,194,365,brace_yz,14.4222
1264,235,250,brace_yz,14.4222
1265,248,237,brace_yz,14.4222
1266,248,263,brace_yz,14.4222
1267,261,250,brace_yz,14.4222
1268,352,367,brace_yz,14.4222
1269,365,354,brace_yz,14.4222
1270,365,380,brace_yz,14.4222
1271,378,367,brace_yz,14.4222
1272,237,252,brace_yz,14.4222
1273,250,239,brace_yz,14.4222
1274,250,265,brace_yz,14.4222
1275,263,252,brace_yz,14.4222
1276,354,369,brace_yz,14.4222
1277,367,356,brace_yz,14.4222
1278,367,382,brace_yz,14.4222
1279,380,369,brace_yz,14.4222
1280,239,254,brace_yz,14.4222
1281,252,241,brace_yz,14.4222
1282,252,267,brace_yz,14.4222
1283,265,254,brace_yz,14.4222
1284,356,371,brace_yz,14.4222
1285,369,358,brace_yz,14.4222
1286,369,384,brace_yz,14.4222
1287,382,371,brace_yz,14.4222
1288,241,256,brace_yz,14.4222
1289,254,243,brace_yz,14.4222
1290,254,269,brace_yz,14.4222
1291,267,256,brace_yz,14.4222
1292,358,373,brace_yz,14.4222
1293,371,360,brace_yz,14.4222
1294,371,386,brace_yz,14.4222
1295,384,373,brace_yz,14.4222
1296,243,258,brace_yz,14.4222
1297,256,245,brace_yz,14.4222
1298,256,271,brace_yz,14.4222
1299,269,258,brace_yz,14.4222
1300,360,375,brace_yz,14.4222
1301,373,362,brace_yz,14.4222
1302,373,388,brace_yz,14.4222
1303,386,375,brace_yz,14.4222
1304,78,391,chevron,9.8489
1305,117,391,chevron,9.8489
1306,104,417,chevron,9.8489
1307,143,417,chevron,9.8489
1308,79,392,chevron,7.2111
1309,118,392,chevron,7.2111
1310,105,418,chevron,7.2111
1311,144,418,chevron,7.2111
1312,80,393,chevron,7.2111
1313,119,393,chevron,7.2111
1314,106,419,chevron,7.2111
1315,145,419,chevron,7.2111
1316,81,394,chevron,7.2111
1317,120,394,chevron,7.2111
1318,107,420,chevron,7.2111
1319,146,420,chevron,7.2111
1320,82,395,chevron,7.2111
1321,121,395,chevron,7.2111
1322,108,421,chevron,7.2111
1323,147,421,chevron,7.2111
1324,83,396,chevron,7.2111
1325,122,396,chevron,7.2111
1326,109,422,chevron,7.2111
1327,148,422,chevron,7.2111
1328,84,397,chevron,7.2111
1329,123,397,chevron,7.2111
1330,110,423,chevron,7.2111
1331,149,423,chevron,7.2111
1332,85,398,chevron,7.2111
1333,124,398,chevron,7.2111
1334,111,424,chevron,7.2111
1335,150,424,chevron,7.2111
1336,86,399,chevron,7.2111
1337,125,399,chevron,7.2111
1338,112,425,chevron,7.2111
1339,151,425,chevron,7.2111
1340,87,400,chevron,7.2111
1341,126,400,chevron,7.2111
1342,113,426,chevron,7.2111
1343,152,426,chevron,7.2111
1344,88,401,chevron,7.2111
1345,127,401,chevron,7.2111
1346,114,427,chevron,7.2111
1347,153,427,chevron,7.2111
1348,89,402,chevron,7.2111
1349,128,402,chevron,7.2111
1350,115,428,chevron,7.2111
1351,154,428,chevron,7.2111
1352,90,403,chevron,7.2111
1353,129,403,chevron,7.2111
1354,116,429,chevron,7.2111
1355,155,429,chevron,7.2111
1356,273,404,chevron,7.2111
1357,312,404,chevron,7.2111
1358,299,430,chevron,7.2111
1359,338,430,chevron,7.2111
1360,274,405,chevron,7.2111
1361,313,405,chevron,7.2111
1362,300,431,chevron,7.2111
1363,339,431,chevron,7.2111
1364,275,406,chevron,7.2111
1365,314,406,chevron,7.2111
1366,301,432,chevron,7.2111
1367,340,432,chevron,7.2111
1368,276,407,chevron,7.2111
1369,315,407,chevron,7.2111
1370,302,433,chevron,7.2111
1371,341,433,chevron,7.2111
1372,277,408,chevron,7.2111
1373,316,408,chevron,7.2111
1374,303,434,chevron,7.2111
1375,342,434,chevron,7.2111
1376,278,409,chevron,7.2111
1377,317,409,chevron,7.2111
1378,304,435,chevron,7.2111
1379,343,435,chevron,7.2111
1380,279,410,chevron,7.2111
1381,318,410,chevron,7.2111
1382,305,436,chevron,7.2111
1383,344,436,chevron,7.2111
1384,280,411,chevron,7.2111
1385,319,411,chevron,7.2111
1386,306,437,chevron,7.2111
1387,345,437,chevron,7.2111
1388,281,412,chevron,7.2111
1389,320,412,chevron,7.2111
1390,307,438,chevron,7.2111
1391,346,438,chevron,7.2111
1392,282,413,chevron,7.2111
1393,321,413,chevron,7.2111
1394,308,439,chevron,7.2111
1395,347,439,chevron,7.2111
1396,283,414,chevron,7.2111
1397,322,414,chevron,7.2111
1398,309,440,chevron,7.2111
1399,348,440,chevron,7.2111
1400,284,415,chevron,7.2111
1401,323,415,chevron,7.2111
1402,310,441,chevron,7.2111
1403,349,441,chevron,7.2111
1404,12,234,brace_space,10.0
1405,12,247,brace_space,12.8062
1406,12,260,brace_space,18.868
1407,25,234,brace_space,12.8062
1408,25,247,brace_space,10.0
1409,25,260,brace_space,12.8062
1410,38,234,brace_space,18.868
1411,38,247,brace_space,12.8062
1412,38,260,brace_space,10.0
1413,207,351,brace_space,10.0
1414,207,364,brace_space,12.8062
1415,207,377,brace_space,18.868
1416,220,351,brace_space,12.8062
1417,220,364,brace_space,10.0
1418,220,377,brace_space,12.8062
1419,233,351,brace_space,18.868
1420,233,364,brace_space,12.8062
1421,233,377,brace_space,10.0
1422,78,118,core_wall,12.0416
1423,117,79,core_wall,12.0416
1424,104,144,core_wall,12.0416
1425,143,105,core_wall,12.0416
1426,78,92,core_wall,12.0416
1427,91,79,core_wall,12.0416
1428,91,105,core_wall,12.0416
1429,104,92,core_wall,12.0416
1430,117,131,core_wall,12.0416
1431,130,118,core_wall,12.0416
1432,130,144,core_wall,12.0416
1433,143,131,core_wall,12.0416
1434,79,119,core_wall,10.0
1435,118,80,core_wall,10.0
1436,105,145,core_wall,10.0
1437,144,106,core_wall,10.0
1438,79,93,core_wall,10.0
1439,92,80,core_wall,10.0
1440,92,106,core_wall,10.0
1441,105,93,core_wall,10.0
1442,118,132,core_wall,10.0
1443,131,119,core_wall,10.0
1444,131,145,core_wall,10.0
1445,144,132,core_wall,10.0
1446,80,120,core_wall,10.0
1447,119,81,core_wall,10.0
1448,106,146,core_wall,10.0
1449,145,107,core_wall,10.0
1450,80,94,core_wall,10.0
1451,93,81,core_wall,10.0
1452,93,107,core_wall,10.0
1453,106,94,core_wall,10.0
1454,119,133,core_wall,10.0
1455,132,120,core_wall,10.0
1456,132,146,core_wall,10.0
1457,145,133,core_wall,10.0
1458,81,121,core_wall,10.0
1459,120,82,core_wall,10.0
1460,107,147,core_wall,10.0
1461,146,108,core_wall,10.0
1462,81,95,core_wall,10.0
1463,94,82,core_wall,10.0
1464,94,108,core_wall,10.0
1465,107,95,core_wall,10.0
1466,120,134,core_wall,10.0
1467,133,121,core_wall,10.0
1468,133,147,core_wall,10.0
1469,146,134,core_wall,10.0
1470,82,122,core_wall,10.0
1471,121,83,core_wall,10.0
1472,108,148,core_wall,10.0
1473,147,109,core_wall,10.0
1474,82,96,core_wall,10.0
1475,95,83,core_wall,10.0
1476,95,109,core_wall,10.0
1477,108,96,core_wall,10.0
1478,121,135,core_wall,10.0
1479,134,122,core_wall,10.0
1480,134,148,core_wall,10.0
1481,147,135,core_wall,10.0
1482,83,123,core_wall,10.0
1483,122,84,core_wall,10.0
1484,109,149,core_wall,10.0
1485,148,110,core_wall,10.0
1486,83,97,core_wall,10.0
1487,96,84,core_wall,10.0
1488,96,110,core_wall,10.0
1489,109,97,core_wall,10.0
1490,122,136,core_wall,10.0
1491,135,123,core_wall,10.0
1492,135,149,core_wall,10.0
1493,148,136,core_wall,10.0
1494,84,124,core_wall,10.0
1495,123,85,core_wall,10.0
1496,110,150,core_wall,10.0
1497,149,111,core_wall,10.0
1498,84,98,core_wall,10.0
1499,97,85,core_wall,10.0
1500,97,111,core_wall,10.0
1501,110,98,core_wall,10.0
1502,123,137,core_wall,10.0
1503,136,124,core_wall,10.0
1504,136,150,core_wall,10.0
1505,149,137,core_wall,10.0
1506,85,125,core_wall,10.0
1507,124,86,core_wall,10.0
1508,111,151,core_wall,10.0
1509,150,112,core_wall,10.0
1510,85,99,core_wall,10.0
1511,98,86,core_wall,10.0
1512,98,112,core_wall,10.0
1513,111,99,core_wall,10.0
1514,124,138,core_wall,10.0
1515,137,125,core_wall,10.0
1516,137,151,core_wall,10.0
1517,150,138,core_wall,10.0
1518,86,126,core_wall,10.0
1519,125,87,core_wall,10.0
1520,112,152,core_wall,10.0
1521,151,113,core_wall,10.0
1522,86,100,core_wall,10.0
1523,99,87,core_wall,10.0
1524,99,113,core_wall,10.0
1525,112,100,core_wall,10.0
1526,125,139,core_wall,10.0
1527,138,126,core_wall,10.0
1528,138,152,core_wall,10.0
1529,151,139,core_wall,10.0
1530,87,127,core_wall,10.0
1531,126,88,core_wall,10.0
1532,113,153,core_wall,10.0
1533,152,114,core_wall,10.0
1534,87,101,core_wall,10.0
1535,100,88,core_wall,10.0
1536,100,114,core_wall,10.0
1537,113,101,core_wall,10.0
1538,126,140,core_wall,10.0
1539,139,127,core_wall,10.0
1540,139,153,core_wall,10.0
1541,152,140,core_wall,10.0
1542,88,128,core_wall,10.0
1543,127,89,core_wall,10.0
1544,114,154,core_wall,10.0
1545,153,115,core_wall,10.0
1546,88,102,core_wall,10.0
1547,101,89,core_wall,10.0
1548,101,115,core_wall,10.0
1549,114,102,core_wall,10.0
1550,127,141,core_wall,10.0
1551,140,128,core_wall,10.0
1552,140,154,core_wall,10.0
1553,153,141,core_wall,10.0
1554,89,129,core_wall,10.0
1555,128,90,core_wall,10.0
1556,115,155,core_wall,10.0
1557,154,116,core_wall,10.0
1558,89,103,core_wall,10.0
1559,102,90,core_wall,10.0
1560,102,116,core_wall,10.0
1561,115,103,core_wall,10.0
1562,128,142,core_wall,10.0
1563,141,129,core_wall,10.0
1564,141,155,core_wall,10.0
1565,154,142,core_wall,10.0
1566,90,312,core_wall,10.0
1567,129,273,core_wall,10.0
1568,116,338,core_wall,10.0
1569,155,299,core_wall,10.0
1570,90,286,core_wall,10.0
1571,103,273,core_wall,10.0
1572,103,299,core_wall,10.0
1573,116,286,core_wall,10.0
1574,129,325,core_wall,10.0
1575,142,312,core_wall,10.0
1576,142,338,core_wall,10.0
1577,155,325,core_wall,10.0
1578,273,313,core_wall,10.0
1579,312,274,core_wall,10.0
1580,299,339,core_wall,10.0
1581,338,300,core_wall,10.0
1582,273,287,core_wall,10.0
1583,286,274,core_wall,10.0
1584,286,300,core_wall,10.0
1585,299,287,core_wall,10.0
1586,312,326,core_wall,10.0
1587,325,313,core_wall,10.0
1588,325,339,core_wall,10.0
1589,338,326,core_wall,10.0
1590,274,314,core_wall,10.0
1591,313,275,core_wall,10.0
1592,300,340,core_wall,10.0
1593,339,301,core_wall,10.0
1594,274,288,core_wall,10.0
1595,287,275,core_wall,10.0
1596,287,301,core_wall,10.0
1597,300,288,core_wall,10.0
1598,313,327,core_wall,10.0
1599,326,314,core_wall,10.0
1600,326,340,core_wall,10.0
1601,339,327,core_wall,10.0
1602,275,315,core_wall,10.0
1603,314,276,core_wall,10.0
1604,301,341,core_wall,10.0
1605,340,302,core_wall,10.0
1606,275,289,core_wall,10.0
1607,288,276,core_wall,10.0
1608,288,302,core_wall,10.0
1609,301,289,core_wall,10.0
1610,314,328,core_wall,10.0
1611,327,315,core_wall,10.0
1612,327,341,core_wall,10.0
1613,340,328,core_wall,10.0
1614,276,316,core_wall,10.0
1615,315,277,core_wall,10.0
1616,302,342,core_wall,10.0
1617,341,303,core_wall,10.0
1618,276,290,core_wall,10.0
1619,289,277,core_wall,10.0
1620,289,303,core_wall,10.0
1621,302,290,core_wall,10.0
1622,315,329,core_wall,10.0
1623,328,316,core_wall,10.0
1624,328,342,core_wall,10.0
1625,341,329,core_wall,10.0
1626,277,317,core_wall,10.0
1627,316,278,core_wall,10.0
1628,303,343,core_wall,10.0
1629,342,304,core_wall,10.0
1630,277,291,core_wall,10.0
1631,290,278,core_wall,10.0
1632,290,304,core_wall,10.0
1633,303,291,core_wall,10.0
1634,316,330,core_wall,10.0
1635,329,317,core_wall,10.0
1636,329,343,core_wall,10.0
1637,342,330,core_wall,10.0
1638,278,318,core_wall,10.0
1639,317,279,core_wall,10.0
1640,304,344,core_wall,10.0
1641,343,305,core_wall,10.0
1642,278,292,core_wall,10.0
1643,291,279,core_wall,10.0
1644,291,305,core_wall,10.0
1645,304,292,core_wall,10.0
1646,317,331,core_wall,10.0
1647,330,318,core_wall,10.0
1648,330,344,core_wall,10.0
1649,343,331,core_wall,10.0
1650,279,319,core_wall,10.0
1651,318,280,core_wall,10.0
1652,305,345,core_wall,10.0
1653,344,306,core_wall,10.0
1654,279,293,core_wall,10.0
1655,292,280,core_wall,10.0
1656,292,306,core_wall,10.0
1657,305,293,core_wall,10.0
1658,318,332,core_wall,10.0
1659,331,319,core_wall,10.0
1660,331,345,core_wall,10.0
1661,344,332,core_wall,10.0
1662,280,320,core_wall,10.0
1663,319,281,core_wall,10.0
1664,306,346,core_wall,10.0
1665,345,307,core_wall,10.0
1666,280,294,core_wall,10.0
1667,293,281,core_wall,10.0
1668,293,307,core_wall,10.0
1669,306,294,core_wall,10.0
1670,319,333,core_wall,10.0
1671,332,320,core_wall,10.0
1672,332,346,core_wall,10.0
1673,345,333,core_wall,10.0
1674,281,321,core_wall,10.0
1675,320,282,core_wall,10.0
1676,307,347,core_wall,10.0
1677,346,308,core_wall,10.0
1678,281,295,core_wall,10.0
1679,294,282,core_wall,10.0
1680,294,308,core_wall,10.0
1681,307,295,core_wall,10.0
1682,320,334,core_wall,10.0
1683,333,321,core_wall,10.0
1684,333,347,core_wall,10.0
1685,346,334,core_wall,10.0
1686,282,322,core_wall,10.0
1687,321,283,core_wall,10.0
1688,308,348,core_wall,10.0
1689,347,309,core_wall,10.0
1690,282,296,core_wall,10.0
1691,295,283,core_wall,10.0
1692,295,309,core_wall,10.0
1693,308,296,core_wall,10.0
1694,321,335,core_wall,10.0
1695,334,322,core_wall,10.0
1696,334,348,core_wall,10.0
1697,347,335,core_wall,10.0
1698,283,323,core_wall,10.0
1699,322,284,core_wall,10.0
1700,309,349,core_wall,10.0
1701,348,310,core_wall,10.0
1702,283,297,core_wall,10.0
1703,296,284,core_wall,10.0
1704,296,310,core_wall,10.0
1705,309,297,core_wall,10.0
1706,322,336,core_wall,10.0
1707,335,323,core_wall,10.0
1708,335,349,core_wall,10.0
1709,348,336,core_wall,10.0
1710,284,324,core_wall,10.0
1711,323,285,core_wall,10.0
1712,310,350,core_wall,10.0
1713,349,311,core_wall,10.0
1714,284,298,core_wall,10.0
1715,297,285,core_wall,10.0
1716,297,311,core_wall,10.0
1717,310,298,core_wall,10.0
1718,323,337,core_wall,10.0
1719,336,324,core_wall,10.0
1720,336,350,core_wall,10.0
1721,349,337,core_wall,10.0
1722,0,52,brace_floor,11.3137
1723,39,13,brace_floor,11.3137
1724,13,65,brace_floor,11.3137
1725,52,26,brace_floor,11.3137
1726,39,91,brace_floor,11.3137
1727,78,52,brace_floor,11.3137
1728,52,104,brace_floor,11.3137
1729,91,65,brace_floor,11.3137
1730,78,130,brace_floor,11.3137
1731,117,91,brace_floor,11.3137
1732,91,143,brace_floor,11.3137
1733,130,104,brace_floor,11.3137
1734,117,169,brace_floor,11.3137
1735,156,130,brace_floor,11.3137
1736,130,182,brace_floor,11.3137
1737,169,143,brace_floor,11.3137
1738,156,208,brace_floor,11.3137
1739,195,169,brace_floor,11.3137
1740,169,221,brace_floor,11.3137
1741,208,182,brace_floor,11.3137
1742,1,53,brace_floor,11.3137
1743,40,14,brace_floor,11.3137
1744,14,66,brace_floor,11.3137
1745,53,27,brace_floor,11.3137
1746,40,92,brace_floor,11.3137
1747,79,53,brace_floor,11.3137
1748,53,105,brace_floor,11.3137
1749,92,66,brace_floor,11.3137
1750,79,131,brace_floor,11.3137
1751,118,92,brace_floor,11.3137
1752,92,144,brace_floor,11.3137
1753,131,105,brace_floor,11.3137
1754,118,170,brace_floor,11.3137
1755,157,131,brace_floor,11.3137
1756,131,183,brace_floor,11.3137
1757,170,144,brace_floor,11.3137
1758,157,209,brace_floor,11.3137
1759,196,170,brace_floor,11.3137
1760,170,222,brace_floor,11.3137
1761,209,183,brace_floor,11.3137
1762,2,54,brace_floor,11.3137
1763,41,15,brace_floor,11.3137
1764,15,67,brace_floor,11.3137
1765,54,28,brace_floor,11.3137
1766,41,93,brace_floor,11.3137
1767,80,54,brace_floor,11.3137
1768,54,106,brace_floor,11.3137
1769,93,67,brace_floor,11.3137
1770,80,132,brace_floor,11.3137
1771,119,93,brace_floor,11.3137
1772,93,145,brace_floor,11.3137
1773,132,106,brace_floor,11.3137
1774,119,171,brace_floor,11.3137
1775,158,132,brace_floor,11.3137
1776,132,184,brace_floor,11.3137
1777,171,145,brace_floor,11.3137
1778,158,210,brace_floor,11.3137
1779,197,171,brace_floor,11.3137
1780,171,223,brace_floor,11.3137
1781,210,184,brace_floor,11.3137
1782,3,55,brace_floor,11.3137
1783,42,16,brace_floor,11.3137
1784,16,68,brace_floor,11.3137
1785,55,29,brace_floor,11.3137
1786,42,94,brace_floor,11.3137
1787,81,55,brace_floor,11.3137
1788,55,107,brace_floor,11.3137
1789,94,68,brace_floor,11.3137
1790,81,133,brace_floor,11.3137
1791,120,94,brace_floor,11.3137
1792,94,146,brace_floor,11.3137
1793,133,107,brace_floor,11.3137
1794,120,172,brace_floor,11.3137
1795,159,133,brace_floor,11.3137
1796,133,185,brace_floor,11.3137
1797,172,146,brace_floor,11.3137
1798,159,211,brace_floor,11.3137
1799,198,172,brace_floor,11.3137
1800,172,224,brace_floor,11.3137
1801,211,185,brace_floor,11.3137
1802,4,56,brace_floor,11.3137
1803,43,17,brace_floor,11.3137
1804,17,69,brace_floor,11.3137
1805,56,30,brace_floor,11.3137
1806,43,95,brace_floor,11.3137
1807,82,56,brace_floor,11.3137
1808,56,108,brace_floor,11.3137
1809,95,69,brace_floor,11.3137
1810,82,134,brace_floor,11.3137
1811,121,95,brace_floor,11.3137
1812,95,147,brace_floor,11.3137
1813,134,108,brace_floor,11.3137
1814,121,173,brace_floor,11.3137
1815,160,134,brace_floor,11.3137
1816,134,186,brace_floor,11.3137
1817,173,147,brace_floor,11.3137
1818,160,212,brace_floor,11.3137
1819,199,173,brace_floor,11.3137
1820,173,225,brace_floor,11.3137
1821,212,186,brace_floor,11.3137
1822,5,57,brace_floor,11.3137
1823,44,18,brace_floor,11.3137
1824,18,70,brace_floor,11.3137
1825,57,31,brace_floor,11.3137
1826,44,96,brace_floor,11.3137
1827,83,57,brace_floor,11.3137
1828,57,109,brace_floor,11.3137
1829,96,70,brace_floor,11.3137
1830,83,135,brace_floor,11.3137
1831,122,96,brace_floor,11.3137
1832,96,148,brace_floor,11.3137
1833,135,109,brace_floor,11.3137
1834,122,174,brace_floor,11.3137
1835,161,135,brace_floor,11.3137
1836,135,187,brace_floor,11.3137
1837,174,148,brace_floor,11.3137
1838,161,213,brace_floor,11.3137
1839,200,174,brace_floor,11.3137
1840,174,226,brace_floor,11.3137
1841,213,187,brace_floor,11.3137
1842,6,58,brace_floor,11.3137
1843,45,19,brace_floor,11.3137
1844,19,71,brace_floor,11.3137
1845,58,32,brace_floor,11.3137
1846,45,97,brace_floor,11.3137
1847,84,58,brace_floor,11.3137
1848,58,110,brace_floor,11.3137
1849,97,71,brace_floor,11.3137
1850,84,136,brace_floor,11.3137
1851,123,97,brace_floor,11.3137
1852,97,149,brace_floor,11.3137
1853,136,110,brace_floor,11.3137
1854,123,175,brace_floor,11.3137
1855,162,136,brace_floor,11.3137
1856,136,188,brace_floor,11.3137
1857,175,149,brace_floor,11.3137
1858,162,214,brace_floor,11.3137
1859,201,175,brace_floor,11.3137
1860,175,227,brace_floor,11.3137
1861,214,188,brace_floor,11.3137
1862,7,59,brace_floor,11.3137
1863,46,20,brace_floor,11.3137
1864,20,72,brace_floor,11.3137
1865,59,33,brace_floor,11.3137
1866,46,98,brace_floor,11.3137
1867,85,59,brace_floor,11.3137
1868,59,111,brace_floor,11.3137
1869,98,72,brace_floor,11.3137
1870,85,137,brace_floor,11.3137
1871,124,98,brace_floor,11.3137
1872,98,150,brace_floor,11.3137
1873,137,111,brace_floor,11.3137
1874,124,176,brace_floor,11.3137
1875,163,137,brace_floor,11.3137
1876,137,189,brace_floor,11.3137
1877,176,150,brace_floor,11.3137
1878,163,215,brace_floor,11.3137
1879,202,176,brace_floor,11.3137
1880,176,228,brace_floor,11.3137
1881,215,189,brace_floor,11.3137
1882,8,60,brace_floor,11.3137
1883,47,21,brace_floor,11.3137
1884,21,73,brace_floor,11.3137
1885,60,34,brace_floor,11.3137
1886,47,99,brace_floor,11.3137
1887,86,60,brace_floor,11.3137
1888,60,112,brace_floor,11.3137
1889,99,73,brace_floor,11.3137
1890,86,138,brace_floor,11.3137
1891,125,99,brace_floor,11.3137
1892,99,151,brace_floor,11.3137
1893,138,112,brace_floor,11.3137
1894,125,177,brace_floor,11.3137
1895,164,138,brace_floor,11.3137
1896,138,190,brace_floor,11.3137
1897,177,151,brace_floor,11.3137
1898,164,216,brace_floor,11.3137
1899,203,177,brace_floor,11.3137
1900,177,229,brace_floor,11.3137
1901,216,190,brace_floor,11.3137
1902,9,61,brace_floor,11.3137
1903,48,22,brace_floor,11.3137
1904,22,74,brace_floor,11.3137
1905,61,35,brace_floor,11.3137
1906,48,100,brace_floor,11.3137
1907,87,61,brace_floor,11.3137
1908,61,113,brace_floor,11.3137
1909,100,74,brace_floor,11.3137
1910,87,139,brace_floor,11.3137
1911,126,100,brace_floor,11.3137
1912,100,152,brace_floor,11.3137
1913,139,113,brace_floor,11.3137
1914,126,178,brace_floor,11.3137
1915,165,139,brace_floor,11.3137
1916,139,191,brace_floor,11.3137
1917,178,152,brace_floor,11.3137
1918,165,217,brace_floor,11.3137
1919,204,178,brace_floor,11.3137
1920,178,230,brace_floor,11.3137
1921,217,191,brace_floor,11.3137
1922,10,62,brace_floor,11.3137
1923,49,23,brace_floor,11.3137
1924,23,75,brace_floor,11.3137
1925,62,36,brace_floor,11.3137
1926,49,101,brace_floor,11.3137
1927,88,62,brace_floor,11.3137
1928,62,114,brace_floor,11.3137
1929,101,75,brace_floor,11.3137
1930,88,140,brace_floor,11.3137
1931,127,101,brace_floor,11.3137
1932,101,153,brace_floor,11.3137
1933,140,114,brace_floor,11.3137
1934,127,179,brace_floor,11.3137
1935,166,140,brace_floor,11.3137
1936,140,192,brace_floor,11.3137
1937,179,153,brace_floor,11.3137
1938,166,218,brace_floor,11.3137
1939,205,179,brace_floor,11.3137
1940,179,231,brace_floor,11.3137
1941,218,192,brace_floor,11.3137
1942,11,63,brace_floor,11.3137
1943,50,24,brace_floor,11.3137
1944,24,76,brace_floor,11.3137
1945,63,37,brace_floor,11.3137
1946,50,102,brace_floor,11.3137
1947,89,63,brace_floor,11.3137
1948,63,115,brace_floor,11.3137
1949,102,76,brace_floor,11.3137
1950,89,141,brace_floor,11.3137
1951,128,102,brace_floor,11.3137
1952,102,154,brace_floor,11.3137
1953,141,115,brace_floor,11.3137
1954,128,180,brace_floor,11.3137
1955,167,141,brace_floor,11.3137
1956,141,193,brace_floor,11.3137
1957,180,154,brace_floor,11.3137
1958,167,219,brace_floor,11.3137
1959,206,180,brace_floor,11.3137
1960,180,232,brace_floor,11.3137
1961,219,193,brace_floor,11.3137
1962,12,64,brace_floor,11.3137
1963,51,25,brace_floor,11.3137
1964,25,77,brace_floor,11.3137
1965,64,38,brace_floor,11.3137
1966,51,103,brace_floor,11.3137
1967,90,64,brace_floor,11.3137
1968,64,116,brace_floor,11.3137
1969,103,77,brace_floor,11.3137
1970,90,142,brace_floor,11.3137
1971,129,103,brace_floor,11.3137
1972,103,155,brace_floor,11.3137
1973,142,116,brace_floor,11.3137
1974,129,181,brace_floor,11.3137
1975,168,142,brace_floor,11.3137
1976,142,194,brace_floor,11.3137
1977,181,155,brace_floor,11.3137
1978,168,220,brace_floor,11.3137
1979,207,181,brace_floor,11.3137
1980,181,233,brace_floor,11.3137
1981,220,194,brace_floor,11.3137
1982,234,286,brace_floor,11.3137
1983,273,247,brace_floor,11.3137
1984,247,299,brace_floor,11.3137
1985,286,260,brace_floor,11.3137
1986,273,325,brace_floor,11.3137
1987,312,286,brace_floor,11.3137
1988,286,338,brace_floor,11.3137
1989,325,299,brace_floor,11.3137
1990,312,364,brace_floor,11.3137
1991,351,325,brace_floor,11.3137
1992,325,377,brace_floor,11.3137
1993,364,338,brace_floor,11.3137
1994,235,287,brace_floor,11.3137
1995,274,248,brace_floor,11.3137
1996,248,300,brace_floor,11.3137
1997,287,261,brace_floor,11.3137
1998,274,326,brace_floor,11.3137
1999,313,287,brace_floor,11.3137
2000,287,339,brace_floor,11.3137
2001,326,300,brace_floor,11.3137
2002,313,365,brace_floor,11.3137
2003,352,326,brace_floor,11.3137
2004,326,378,brace_floor,11.3137
2005,365,339,brace_floor,11.3137
2006,236,288,brace_floor,11.3137
2007,275,249,brace_floor,11.3137
2008,249,301,brace_floor,11.3137
2009,288,262,brace_floor,11.3137
2010,275,327,brace_floor,11.3137
2011,314,288,brace_floor,11.3137
2012,288,340,brace_floor,11.3137
2013,327,301,brace_floor,11.3137
2014,314,366,brace_floor,11.3137
2015,353,327,brace_floor,11.3137
2016,327,379,brace_floor,11.3137
2017,366,340,brace_floor,11.3137
2018,237,289,brace_floor,11.3137
2019,276,250,brace_floor,11.3137
2020,250,302,brace_floor,11.3137
2021,289,263,brace_floor,11.3137
2022,276,328,brace_floor,11.3137
2023,315,289,brace_floor,11.3137
2024,289,341,brace_floor,11.3137
2025,328,302,brace_floor,11.3137
2026,315,367,brace_floor,11.3137
2027,354,328,brace_floor,11.3137
2028,328,380,brace_floor,11.3137
2029,367,341,brace_floor,11.3137
2030,238,290,brace_floor,11.3137
2031,277,251,brace_floor,11.3137
2032,251,303,brace_floor,11.3137
2033,290,264,brace_floor,11.3137
2034,277,329,brace_floor,11.3137
2035,316,290,brace_floor,11.3137
2036,290,342,brace_floor,11.3137
2037,329,303,brace_floor,11.3137
2038,316,368,brace_floor,11.3137
2039,355,329,brace_floor,11.3137
2040,329,381,brace_floor,11.3137
2041,368,342,brace_floor,11.3137
2042,239,291,brace_floor,11.3137
2043,278,252,brace_floor,11.3137
2044,252,304,brace_floor,11.3137
2045,291,265,brace_floor,11.3137
2046,278,330,brace_floor,11.3137
2047,317,291,brace_floor,11.3137
2048,291,343,brace_floor,11.3137
2049,330,304,brace_floor,11.3137
2050,317,369,brace_floor,11.3137
2051,356,330,brace_floor,11.3137
2052,330,382,brace_floor,11.3137
2053,369,343,brace_floor,11.3137
2054,240,292,brace_floor,11.3137
2055,279,253,brace_floor,11.3137
2056,253,305,brace_floor,11.3137
2057,292,266,brace_floor,11.3137
2058,279,331,brace_floor,11.3137
2059,318,292,brace_floor,11.3137
2060,292,344,brace_floor,11.3137
2061,331,305,brace_floor,11.3137
2062,318,370,brace_floor,11.3137
2063,357,331,brace_floor,11.3137
2064,331,383,brace_floor,11.3137
2065,370,344,brace_floor,11.3137
2066,241,293,brace_floor,11.3137
2067,280,254,brace_floor,11.3137
2068,254,306,brace_floor,11.3137
2069,293,267,brace_floor,11.3137
2070,280,332,brace_floor,11.3137
2071,319,293,brace_floor,11.3137
2072,293,345,brace_floor,11.3137
2073,332,306,brace_floor,11.3137
2074,319,371,brace_floor,11.3137
2075,358,332,brace_floor,11.3137
2076,332,384,brace_floor,11.3137
2077,371,345,brace_floor,11.3137
2078,242,294,brace_floor,11.3137
2079,281,255,brace_floor,11.3137
2080,255,307,brace_floor,11.3137
2081,294,268,brace_floor,11.3137
2082,281,333,brace_floor,11.3137
2083,320,294,brace_floor,11.3137
2084,294,346,brace_floor,11.3137
2085,333,307,brace_floor,11.3137
2086,320,372,brace_floor,11.3137
2087,359,333,brace_floor,11.3137
2088,333,385,brace_floor,11.3137
2089,372,346,brace_floor,11.3137
2090,243,295,brace_floor,11.3137
2091,282,256,brace_floor,11.3137
2092,256,308,brace_floor,11.3137
2093,295,269,brace_floor,11.3137
2094,282,334,brace_floor,11.3137
2095,321,295,brace_floor,11.3137
2096,295,347,brace_floor,11.3137
2097,334,308,brace_floor,11.3137
2098,321,373,brace_floor,11.3137
2099,360,334,brace_floor,11.3137
2100,334,386,brace_floor,11.3137
2101,373,347,brace_floor,11.3137
2102,244,296,brace_floor,11.3137
2103,283,257,brace_floor,11.3137
2104,257,309,brace_floor,11.3137
2105,296,270,brace_floor,11.3137
2106,283,335,brace_floor,11.3137
2107,322,296,brace_floor,11.3137
2108,296,348,brace_floor,11.3137
2109,335,309,brace_floor,11.3137
2110,322,374,brace_floor,11.3137
2111,361,335,brace_floor,11.3137
2112,335,387,brace_floor,11.3137
2113,374,348,brace_floor,11.3137
2114,245,297,brace_floor,11.3137
2115,284,258,brace_floor,11.3137
2116,258,310,brace_floor,11.3137
2117,297,271,brace_floor,11.3137
2118,284,336,brace_floor,11.3137
2119,323,297,brace_floor,11.3137
2120,297,349,brace_floor,11.3137
2121,336,310,brace_floor,11.3137
2122,323,375,brace_floor,11.3137
2123,362,336,brace_floor,11.3137
2124,336,388,brace_floor,11.3137
2125,375,349,brace_floor,11.3137
2126,246,298,brace_floor,11.3137
2127,285,259,brace_floor,11.3137
2128,259,311,brace_floor,11.3137
2129,298,272,brace_floor,11.3137
2130,285,337,brace_floor,11.3137
2131,324,298,brace_floor,11.3137
2132,298,350,brace_floor,11.3137
2133,337,311,brace_floor,11.3137
2134,324,376,brace_floor,11.3137
2135,363,337,brace_floor,11.3137
2136,337,389,brace_floor,11.3137
2137,376,350,brace_floor,11.3137
