t_s,Ux_T1_cm,Ux_T2_cm,Uy_T1_cm,Uy_T2_cm
0.0200,-0.00004416,-0.00004416,-0.00000000,-0.00000000
0.0400,-0.00024266,-0.00024264,0.00000009,0.00000008
0.0600,-0.00039393,-0.00039393,0.00000036,0.00000034
0.0800,-0.00035500,-0.00035498,0.00000039,0.00000037
0.1000,-0.00021501,-0.00021501,0.00000064,0.00000064
0.1200,-0.00008787,-0.00008789,0.00000046,0.00000046
0.1400,-0.00026108,-0.00026108,0.00000063,0.00000062
0.1600,-0.00068899,-0.00068900,0.00000047,0.00000046
0.1800,-0.00127683,-0.00127674,0.00000084,0.00000079
0.2000,-0.00169820,-0.00169816,0.00000130,0.00000125
0.2200,-0.00170144,-0.00170130,0.00000198,0.00000192
0.2400,-0.00119948,-0.00119945,0.00000255,0.00000252
0.2600,-0.00022300,-0.00022295,0.00000252,0.00000250
0.2800,0.00095260,0.00095254,0.00000163,0.00000166
0.3000,0.00221012,0.00220999,-0.00000049,-0.00000042
0.3200,0.00335882,0.00335870,-0.00000335,-0.00000325
0.3400,0.00448897,0.00448873,-0.00000660,-0.00000645
0.3600,0.00560725,0.00560712,-0.00000972,-0.00000956
0.3800,0.00636592,0.00636563,-0.00001170,-0.00001147
0.4000,0.00617538,0.00617520,-0.00001217,-0.00001199
0.4200,0.00455447,0.00455423,-0.00001033,-0.00001017
0.4400,0.00141471,0.00141465,-0.00000647,-0.00000643
0.4600,-0.00289974,-0.00289965,-0.00000002,-0.00000011
0.4800,-0.00759067,-0.00759039,0.00000762,0.00000738
0.5000,-0.01214867,-0.01214809,0.00001636,0.00001597
0.5200,-0.01572680,-0.01572622,0.00002445,0.00002397
0.5400,-0.01759210,-0.01759130,0.00003033,0.00002975
0.5600,-0.01754472,-0.01754415,0.00003277,0.00003223
0.5800,-0.01529212,-0.01529149,0.00003062,0.00003011
0.6000,-0.01091895,-0.01091862,0.00002360,0.00002326
0.6200,-0.00536754,-0.00536732,0.00001253,0.00001235
0.6400,0.00099276,0.00099277,-0.00000039,-0.00000036
0.6600,0.00940732,0.00940698,-0.00001460,-0.00001430
0.6800,0.02040758,0.02040692,-0.00002919,-0.00002856
0.7000,0.03179793,0.03179657,-0.00004345,-0.00004241
0.7200,0.03815746,0.03815593,-0.00005533,-0.00005412
0.7400,0.03377346,0.03377185,-0.00006023,-0.00005911
0.7600,0.01603738,0.01603656,-0.00005418,-0.00005364
0.7800,-0.01455861,-0.01455797,-0.00002939,-0.00002987
0.8000,-0.04436286,-0.04436075,0.00001674,0.00001533
0.8200,-0.05297041,-0.05296765,0.00006546,0.00006372
0.8400,-0.03714354,-0.03714148,0.00010607,0.00010484
0.8600,-0.00733597,-0.00733595,0.00011734,0.00011714
0.8800,0.02048716,0.02048572,0.00008999,0.00009058
0.9000,0.03781151,0.03780843,0.00002410,0.00002539
0.9200,0.04576507,0.04576257,-0.00006742,-0.00006602
0.9400,0.04393064,0.04392883,-0.00015069,-0.00014924
0.9600,0.03758407,0.03758414,-0.00019449,-0.00019336
0.9800,0.04434328,0.04434348,-0.00018820,-0.00018681
1.0000,0.07419710,0.07419566,-0.00014617,-0.00014389
1.0200,0.11550746,0.11550275,-0.00009053,-0.00008677
1.0400,0.11644548,0.11643763,-0.00005620,-0.00005221
1.0600,0.01451599,0.01451374,0.00000442,0.00000464
1.0800,-0.12905668,-0.12905458,0.00008575,0.00008207
1.1000,-0.20576547,-0.20575364,0.00014636,0.00013908
1.1200,-0.18195126,-0.18194104,0.00022678,0.00022134
1.1400,-0.08375042,-0.08374323,0.00025485,0.00025198
1.1600,0.01011803,0.01011837,0.00025572,0.00025604
1.1800,0.04813436,0.04812501,0.00015868,0.00016082
1.2000,0.01320649,0.01320308,0.00002645,0.00002609
1.2200,-0.04590657,-0.04591219,-0.00010912,-0.00010956
1.2400,-0.05657052,-0.05656030,-0.00020900,-0.00021215
1.2600,0.01654772,0.01655165,-0.00022959,-0.00022811
1.2800,0.15792597,0.15792920,-0.00021940,-0.00021521
1.3000,0.28509324,0.28508162,-0.00018344,-0.00017393
1.3200,0.32865739,0.32863463,-0.00020003,-0.00018929
1.3400,0.25370635,0.25368902,-0.00023965,-0.00023205
1.3600,0.05732365,0.05730838,-0.00027987,-0.00027629
1.3800,-0.26683440,-0.26681245,-0.00018026,-0.00019098
1.4000,-0.52288387,-0.52285679,0.00016195,0.00014708
1.4200,-0.44496593,-0.44492824,0.00045807,0.00044169
1.4400,-0.10028562,-0.10027621,0.00073916,0.00073649
1.4600,0.30812141,0.30809522,0.00070802,0.00071855
1.4800,0.52006123,0.52002883,0.00038163,0.00039680
1.5000,0.42122103,0.42117153,-0.00021505,-0.00019808
1.5200,0.04502467,0.04502955,-0.00085307,-0.00085493
1.5400,-0.42199101,-0.42196851,-0.00104068,-0.00105147
1.5600,-0.56490069,-0.56484257,-0.00084467,-0.00086487
1.5800,-0.29896397,-0.29892419,-0.00023326,-0.00024314
1.6000,0.16198430,0.16197322,0.00053961,0.00054672
1.6200,0.44781271,0.44778394,0.00104776,0.00105976
1.6400,0.29083461,0.29076856,0.00122877,0.00124223
1.6600,-0.20039435,-0.20039917,0.00085120,0.00084068
1.6800,-0.62551661,-0.62549601,0.00039120,0.00037360
1.7000,-0.54424899,-0.54418830,-0.00032248,-0.00034186
1.7200,-0.06653095,-0.06648147,-0.00071564,-0.00071857
1.7400,0.43234640,0.43232938,-0.00088512,-0.00086757
1.7600,0.57443763,0.57441351,-0.00071393,-0.00069964
1.7800,0.29152397,0.29144171,-0.00036171,-0.00034621
1.8000,-0.14597588,-0.14597765,0.00001283,0.00000178
1.8200,-0.44658000,-0.44657282,0.00046162,0.00045203
1.8400,-0.38800557,-0.38793649,0.00070525,0.00068899
1.8600,-0.06523035,-0.06518326,0.00080497,0.00080366
1.8800,0.28548651,0.28547024,0.00057579,0.00058704
1.9000,0.38136824,0.38133861,0.00013451,0.00014268
1.9200,0.19854900,0.19845415,-0.00040697,-0.00039361
1.9400,-0.11376327,-0.11375216,-0.00087760,-0.00088950
1.9600,-0.35042175,-0.35041573,-0.00088485,-0.00088792
1.9800,-0.34599411,-0.34589396,-0.00064565,-0.00066386
2.0000,-0.18654546,-0.18649705,0.00009086,0.00008912
2.0200,0.09103805,0.09103425,0.00071532,0.00071717
2.0400,0.32307735,0.32303074,0.00110113,0.00110896
2.0600,0.35010838,0.34999089,0.00094617,0.00096427
2.0800,0.05087923,0.05088326,0.00041871,0.00041104
2.1000,-0.35083783,-0.35084234,-0.00011096,-0.00011187
2.1200,-0.43991108,-0.43978588,-0.00077253,-0.00079715
2.1400,-0.23900042,-0.23895679,-0.00087606,-0.00087590
2.1600,0.11277809,0.11279104,-0.00074581,-0.00074640
2.1800,0.37476790,0.37471350,-0.00021186,-0.00019951
2.2000,0.43001494,0.42990038,0.00018752,0.00020587
2.2200,0.23371741,0.23371563,0.00049937,0.00049884
2.2400,-0.08306222,-0.08308842,0.00054237,0.00055043
2.2600,-0.29510798,-0.29498080,0.00034015,0.00031797
2.2800,-0.27940068,-0.27938512,0.00010823,0.00011082
2.3000,-0.00480612,-0.00477062,-0.00021732,-0.00022730
2.3200,0.30027687,0.30020111,-0.00041360,-0.00039750
2.3400,0.42168547,0.42160156,-0.00057312,-0.00056100
2.3600,0.22283203,0.22282617,-0.00051704,-0.00051255
2.3800,-0.11393607,-0.11394484,-0.00030098,-0.00029738
2.4000,-0.31770124,-0.31756974,-0.00004687,-0.00006845
2.4200,-0.22752644,-0.22752923,0.00035312,0.00035812
2.4400,0.12853253,0.12857281,0.00045082,0.00044235
2.4600,0.40819726,0.40808625,0.00048609,0.00051014
2.4800,0.41649058,0.41643026,0.00015118,0.00015750
2.5000,0.12984162,0.12981568,-0.00020619,-0.00019856
2.5200,-0.26692340,-0.26689951,-0.00056671,-0.00057435
2.5400,-0.49719433,-0.49706770,-0.00061242,-0.00063387
2.5600,-0.39407989,-0.39406399,-0.00034554,-0.00035015
2.5800,-0.00212300,-0.00207281,0.00009730,0.00008669
2.6000,0.41650185,0.41637982,0.00050214,0.00052679
2.6200,0.62573341,0.62568361,0.00059063,0.00060064
2.6400,0.48795591,0.48788418,0.00032713,0.00035124
2.6600,0.10343507,0.10346323,-0.00021394,-0.00021554
2.6800,-0.34739218,-0.34730597,-0.00070182,-0.00071184
2.7000,-0.59254327,-0.59249823,-0.00076169,-0.00077913
2.7200,-0.40885668,-0.40879885,-0.00055240,-0.00057007
2.7400,-0.02598677,-0.02606611,0.00004115,0.00004647
2.7600,0.25452919,0.25450604,0.00066615,0.00066792
2.7800,0.27005734,0.26999047,0.00104996,0.00106565
2.8000,0.06120289,0.06123648,0.00099300,0.00098888
2.8200,-0.18908900,-0.18904899,0.00053494,0.00053321
2.8400,-0.27502917,-0.27499018,-0.00005920,-0.00007150
2.8600,-0.09922953,-0.09921178,-0.00069567,-0.00069714
2.8800,0.14652077,0.14646456,-0.00099672,-0.00099226
2.9000,0.30494323,0.30492265,-0.00094373,-0.00093450
2.9200,0.29421902,0.29417276,-0.00062973,-0.00061788
2.9400,0.10777626,0.10781673,-0.00012151,-0.00012143
2.9600,-0.09958797,-0.09957030,0.00036924,0.00037053
2.9800,-0.27408521,-0.27404324,0.00073168,0.00071758
3.0000,-0.38707797,-0.38707919,0.00097049,0.00096274
3.0200,-0.31501328,-0.31503784,0.00090478,0.00089090
3.0400,-0.14536215,-0.14537171,0.00062698,0.00062445
3.0600,-0.02062353,-0.02064140,0.00022753,0.00022607
3.0800,0.11064251,0.11068367,-0.00025863,-0.00025510
3.1000,0.20301757,0.20302034,-0.00070702,-0.00069910
3.1200,0.15714282,0.15716478,-0.00089548,-0.00089231
3.1400,-0.02045957,-0.02048794,-0.00080909,-0.00080628
3.1600,-0.26128522,-0.26129405,-0.00030756,-0.00031995
3.1800,-0.37410581,-0.37410887,0.00035009,0.00034199
3.2000,-0.22998804,-0.22996888,0.00093829,0.00092616
3.2200,0.11321803,0.11324688,0.00119679,0.00120424
3.2400,0.39946528,0.39945496,0.00093097,0.00094093
3.2600,0.40657480,0.40656000,0.00029774,0.00031243
3.2800,0.20132855,0.20127007,-0.00059753,-0.00059039
3.3000,-0.06266918,-0.06267667,-0.00128699,-0.00129175
3.3200,-0.17830844,-0.17831380,-0.00154943,-0.00155078
3.3400,-0.10543215,-0.10537417,-0.00124599,-0.00125495
3.3600,0.02389263,0.02392743,-0.00038502,-0.00037788
3.3800,0.09023817,0.09025414,0.00056451,0.00056165
3.4000,0.03173809,0.03171154,0.00137655,0.00138214
3.4200,-0.08326201,-0.08332225,0.00161138,0.00160566
3.4400,-0.16051166,-0.16052822,0.00132781,0.00132293
3.4600,-0.12463291,-0.12464496,0.00049372,0.00049143
3.4800,-0.04329421,-0.04322593,-0.00043276,-0.00043823
3.5000,0.04278391,0.04280887,-0.00116202,-0.00115444
3.5200,0.11794156,0.11797236,-0.00151596,-0.00151878
3.5400,0.10289045,0.10285001,-0.00126214,-0.00125178
3.5600,-0.00239453,-0.00243538,-0.00058064,-0.00058623
3.5800,-0.15017255,-0.15018691,0.00039371,0.00039279
3.6000,-0.23581968,-0.23581240,0.00120304,0.00119341
3.6200,-0.20090259,-0.20083397,0.00166719,0.00165958
3.6400,-0.01850244,-0.01849576,0.00150156,0.00150384
3.6600,0.22879320,0.22880367,0.00072629,0.00072848
3.6800,0.37612834,0.37604966,-0.00036618,-0.00034769
3.7000,0.35068035,0.35063956,-0.00143142,-0.00142649
3.7200,0.18275132,0.18272581,-0.00203682,-0.00202446
3.7400,-0.04259696,-0.04255931,-0.00197559,-0.00198181
3.7600,-0.24206691,-0.24198831,-0.00109426,-0.00109889
3.7800,-0.29348048,-0.29344903,0.00020591,0.00019553
3.8000,-0.19455294,-0.19453327,0.00150190,0.00149384
3.8200,-0.03558188,-0.03566191,0.00230112,0.00230350
3.8400,0.09137668,0.09134035,0.00225096,0.00224842
3.8600,0.13788332,0.13783393,0.00135943,0.00137001
3.8800,0.10598634,0.10602380,-0.00012111,-0.00012408
3.9000,0.02510268,0.02515071,-0.00150957,-0.00150298
3.9200,-0.01642469,-0.01638790,-0.00242061,-0.00242509
3.9400,-0.00711680,-0.00710119,-0.00238079,-0.00237867
3.9600,0.02546059,0.02540537,-0.00147458,-0.00147343
3.9800,0.03680406,0.03679274,0.00001535,0.00001437
4.0000,0.00575719,0.00571837,0.00147036,0.00147455
4.0200,-0.06114377,-0.06109780,0.00237737,0.00236967
4.0400,-0.13077567,-0.13076294,0.00243007,0.00243168
4.0600,-0.14872870,-0.14870415,0.00156020,0.00154921
4.0800,-0.09814323,-0.09816153,0.00018818,0.00018985
4.1000,0.02951891,0.02947713,-0.00126786,-0.00127018
4.1200,0.16820288,0.16820037,-0.00221880,-0.00221181
4.1400,0.26275826,0.26274388,-0.00241463,-0.00240500
4.1600,0.27121969,0.27127999,-0.00176775,-0.00176182
4.1800,0.19192124,0.19191947,-0.00054920,-0.00053819
4.2000,0.04007923,0.04009893,0.00076499,0.00076039
4.2200,-0.12650430,-0.12655328,0.00183860,0.00183998
4.2400,-0.16710410,-0.16713847,0.00215107,0.00214025
4.2600,-0.09712422,-0.09713733,0.00171721,0.00171743
4.2800,0.00074274,0.00074259,0.00063849,0.00063687
4.3000,0.04437224,0.04443367,-0.00061556,-0.00061430
4.3200,0.01398957,0.01399218,-0.00163242,-0.00162931
4.3400,-0.06198522,-0.06195081,-0.00203152,-0.00203704
4.3600,-0.14713026,-0.14717315,-0.00158083,-0.00158058
4.3800,-0.17574063,-0.17573892,-0.00051911,-0.00052987
4.4000,-0.11433087,-0.11433905,0.00082073,0.00082150
4.4200,0.04566611,0.04568081,0.00180383,0.00180140
4.4400,0.21350401,0.21352903,0.00212036,0.00212894
4.4600,0.30902821,0.30899306,0.00150552,0.00151525
4.4800,0.26549904,0.26548917,0.00024695,0.00025388
4.5000,0.08702410,0.08695663,-0.00115395,-0.00114791
4.5200,-0.11268823,-0.11266540,-0.00215404,-0.00216166
4.5400,-0.21740665,-0.21739244,-0.00230414,-0.00230633
4.5600,-0.18697729,-0.18690559,-0.00155979,-0.00157012
4.5800,-0.08907506,-0.08903638,-0.00012122,-0.00012039
4.6000,0.02028771,0.02027312,0.00134239,0.00134077
4.6200,0.06557206,0.06554100,0.00234286,0.00234539
4.6400,0.03765035,0.03756433,0.00244182,0.00244390
4.6600,-0.03007373,-0.03007106,0.00160408,0.00160036
4.6800,-0.09675594,-0.09676236,0.00019602,0.00019644
4.7000,-0.09996569,-0.09988492,-0.00127751,-0.00128471
4.7200,-0.04655457,-0.04652394,-0.00221589,-0.00221307
4.7400,0.01186925,0.01188486,-0.00232683,-0.00232943
4.7600,0.00501770,0.00499313,-0.00148627,-0.00148339
4.7800,-0.06032027,-0.06037147,-0.00008184,-0.00008477
4.8000,-0.13436058,-0.13435040,0.00139094,0.00138606
4.8200,-0.15191782,-0.15192406,0.00236723,0.00236359
4.8400,-0.06518295,-0.06512156,0.00247003,0.00246485
4.8600,0.08505976,0.08504449,0.00162458,0.00163052
4.8800,0.18563359,0.18562866,0.00012996,0.00013236
4.9000,0.16510339,0.16504898,-0.00139537,-0.00138634
4.9200,0.06915678,0.06913204,-0.00247097,-0.00247117
4.9400,-0.04403843,-0.04401182,-0.00259560,-0.00259530
4.9600,-0.09016352,-0.09013026,-0.00176526,-0.00176817
4.9800,-0.04752772,-0.04745259,-0.00024935,-0.00025220
5.0000,0.04546930,0.04544856,0.00133511,0.00133873
5.0200,0.13293594,0.13291870,0.00237883,0.00237970
5.0400,0.15567168,0.15557903,0.00250160,0.00250979
5.0600,0.10930059,0.10926737,0.00159951,0.00159959
5.0800,0.00901604,0.00901711,0.00009128,0.00009407
5.1000,-0.07349310,-0.07344478,-0.00146532,-0.00146909
5.1200,-0.09482260,-0.09474524,-0.00244298,-0.00244549
5.1400,-0.04504141,-0.04503607,-0.00248406,-0.00248439
5.1600,0.03729549,0.03729993,-0.00158015,-0.00158031
5.1800,0.04087932,0.04080436,-0.00005516,-0.00005121
5.2000,-0.07747723,-0.07748491,0.00151918,0.00151374
5.2200,-0.21332235,-0.21333098,0.00257438,0.00257017
5.2400,-0.24080224,-0.24075245,0.00268007,0.00266903
5.2600,-0.12526603,-0.12523305,0.00184135,0.00183911
5.2800,0.08627286,0.08626119,0.00028770,0.00028926
5.3000,0.25925929,0.25923636,-0.00135257,-0.00134374
5.3200,0.27661917,0.27655183,-0.00256078,-0.00255048
5.3400,0.12441318,0.12442901,-0.00281816,-0.00281575
5.3600,-0.08074754,-0.08073638,-0.00205249,-0.00205213
5.3800,-0.19856068,-0.19847847,-0.00050587,-0.00051582
5.4000,-0.13480033,-0.13478106,0.00123555,0.00123418
5.4200,0.09273893,0.09272593,0.00246579,0.00246548
5.4400,0.27676810,0.27669857,0.00273406,0.00274551
5.4600,0.18620712,0.18612994,0.00193348,0.00193783
5.4800,-0.12480210,-0.12480189,0.00048880,0.00048553
5.5000,-0.40577920,-0.40575076,-0.00116909,-0.00118156
5.5200,-0.49634090,-0.49622628,-0.00217244,-0.00219058
5.5400,-0.28517047,-0.28513367,-0.00231932,-0.00232465
5.5600,0.10557945,0.10560918,-0.00146455,-0.00146623
5.5800,0.47634156,0.47625450,-0.00013141,-0.00010988
5.6000,0.61720734,0.61713797,0.00108106,0.00109540
5.6200,0.38941889,0.38936183,0.00179648,0.00181362
5.6400,-0.04693093,-0.04692259,0.00169137,0.00168645
5.6600,-0.41080022,-0.41072337,0.00095824,0.00094559
5.6800,-0.47580775,-0.47577153,-0.00009776,-0.00011211
5.7000,-0.24505117,-0.24500211,-0.00098642,-0.00099786
5.7200,0.12286647,0.12280266,-0.00144291,-0.00143336
5.7400,0.38889979,0.38887729,-0.00138475,-0.00137806
5.7600,0.39092082,0.39086432,-0.00081282,-0.00079331
5.7800,0.14346406,0.14348772,-0.00009603,-0.00009697
5.8000,-0.25153175,-0.25148778,0.00072274,0.00071850
5.8200,-0.49428629,-0.49425215,0.00128510,0.00126682
5.8400,-0.38223010,-0.38219825,0.00144462,0.00143118
5.8600,-0.00331951,-0.00338075,0.00110573,0.00110841
5.8800,0.33385321,0.33383393,0.00034639,0.00035309
5.9000,0.35551379,0.35545620,-0.00047546,-0.00045845
5.9200,0.11396198,0.11399639,-0.00124873,-0.00124972
5.9400,-0.21547581,-0.21543830,-0.00149676,-0.00149986
5.9600,-0.34034581,-0.34030180,-0.00119066,-0.00120417
5.9800,-0.15628656,-0.15625903,-0.00041873,-0.00042366
6.0000,0.19156026,0.19150611,0.00051981,0.00052747
6.0200,0.44488447,0.44485986,0.00116693,0.00117860
6.0400,0.39014872,0.39007671,0.00136526,0.00138137
6.0600,0.08838276,0.08840341,0.00088147,0.00088054
6.0800,-0.24401495,-0.24400067,0.00012244,0.00011748
6.1000,-0.34995455,-0.34990693,-0.00074138,-0.00075489
6.1200,-0.21055401,-0.21052130,-0.00120596,-0.00121245
6.1400,0.07439994,0.07437454,-0.00120812,-0.00120383
6.1600,0.28336970,0.28336840,-0.00074849,-0.00074202
6.1800,0.24945168,0.24939093,0.00000799,0.00002017
6.2000,0.03123467,0.03125982,0.00064411,0.00064098
6.2200,-0.22137250,-0.22137921,0.00113032,0.00112628
6.2400,-0.28054774,-0.28050698,0.00111309,0.00110158
6.2600,-0.15086148,-0.15085040,0.00077271,0.00076801
6.2800,0.04230556,0.04228463,0.00015412,0.00015719
6.3000,0.14885169,0.14885178,-0.00046539,-0.00046341
6.3200,0.09491361,0.09486572,-0.00092225,-0.00091459
6.3400,-0.06837536,-0.06833299,-0.00102219,-0.00102934
6.3600,-0.18085791,-0.18086487,-0.00068079,-0.00068170
6.3800,-0.10284370,-0.10278811,-0.00014581,-0.00015363
6.4000,0.09661772,0.09660464,0.00047875,0.00048453
6.4200,0.28675136,0.28672994,0.00083053,0.00083906
6.4400,0.30659057,0.30655867,0.00084766,0.00085608
6.4600,0.15535815,0.15530371,0.00043654,0.00044512
6.4800,-0.07871597,-0.07868237,-0.00017347,-0.00018129
6.5000,-0.25835436,-0.25835918,-0.00066043,-0.00066269
6.5200,-0.24886795,-0.24878668,-0.00090710,-0.00092157
6.5400,-0.05348831,-0.05349768,-0.00071797,-0.00071417
6.5600,0.21213387,0.21214110,-0.00032675,-0.00032359
6.5800,0.32405379,0.32400388,0.00021178,0.00022415
6.6000,0.20146665,0.20142113,0.00055986,0.00056726
6.6200,-0.08112844,-0.08111476,0.00072075,0.00071473
6.6400,-0.29895633,-0.29895982,0.00060426,0.00059962
6.6600,-0.28836524,-0.28828504,0.00027337,0.00025721
6.6800,-0.09761260,-0.09762773,-0.00007218,-0.00006824
6.7000,0.11665652,0.11668240,-0.00037983,-0.00038230
6.7200,0.19179570,0.19173663,-0.00048897,-0.00047751
6.7400,0.12492883,0.12490987,-0.00049101,-0.00048970
6.7600,-0.03447782,-0.03447864,-0.00027881,-0.00027964
6.7800,-0.17221531,-0.17220548,0.00001462,0.00001147
6.8000,-0.22766486,-0.22759523,0.00034672,0.00033437
6.8200,-0.16731435,-0.16732904,0.00063771,0.00063880
6.8400,-0.00601604,-0.00598708,0.00067221,0.00066457
6.8600,0.14205716,0.14198253,0.00051196,0.00052370
6.8800,0.19900964,0.19900080,0.00006692,0.00006774
6.9000,0.09137020,0.09134718,-0.00035527,-0.00034842
6.9200,-0.11369105,-0.11366236,-0.00069122,-0.00069589
6.9400,-0.28967299,-0.28961193,-0.00068843,-0.00069947
6.9600,-0.29719305,-0.29718674,-0.00035960,-0.00036513
6.9800,-0.12154788,-0.12151405,0.00013931,0.00012929
7.0000,0.10582152,0.10574987,0.00065387,0.00066430
7.0200,0.25541955,0.25541570,0.00085868,0.00086007
7.0400,0.21841788,0.21836964,0.00075302,0.00076604
7.0600,0.04979803,0.04982584,0.00025719,0.00025463
7.0800,-0.13710019,-0.13707197,-0.00030704,-0.00030984
7.1000,-0.19613480,-0.19611877,-0.00075893,-0.00076458
7.1200,-0.08085567,-0.08082790,-0.00091348,-0.00091937
7.1400,0.14251609,0.14246432,-0.00070722,-0.00069768
7.1600,0.35973597,0.35973995,-0.00033297,-0.00032720
7.1800,0.38911837,0.38906083,0.00009594,0.00011500
7.2000,0.15342056,0.15344744,0.00037774,0.00037711
7.2200,-0.22932167,-0.22931878,0.00056939,0.00056614
7.2400,-0.46840387,-0.46837103,0.00055009,0.00053235
7.2600,-0.41876618,-0.41874182,0.00042405,0.00041030
7.2800,-0.11896921,-0.11899010,0.00024971,0.00024790
7.3000,0.25397099,0.25398011,-0.00001635,-0.00001175
7.3200,0.44017751,0.44012366,-0.00029262,-0.00027315
7.3400,0.31561619,0.31563416,-0.00057098,-0.00056567
7.3600,-0.05393671,-0.05395622,-0.00061492,-0.00061172
7.3800,-0.40462761,-0.40458746,-0.00045270,-0.00046972
7.4000,-0.50564884,-0.50562662,-0.00000997,-0.00002447
7.4200,-0.25748871,-0.25747668,0.00052581,0.00051683
7.4400,0.18933472,0.18934213,0.00087239,0.00087718
7.4600,0.50722853,0.50717598,0.00086568,0.00088495
7.4800,0.48048234,0.48047108,0.00041243,0.00042475
7.5000,0.11855461,0.11850981,-0.00022435,-0.00021673
7.5200,-0.30637320,-0.30634133,-0.00085616,-0.00086943
7.5400,-0.53016570,-0.53013859,-0.00106854,-0.00108358
7.5600,-0.38495432,-0.38490539,-0.00077211,-0.00078584
7.5800,0.04147126,0.04149574,-0.00015999,-0.00015878
7.6000,0.44296160,0.44292719,0.00052786,0.00054351
7.6200,0.55377466,0.55373929,0.00088844,0.00090484
7.6400,0.27574602,0.27567794,0.00087131,0.00088225
7.6600,-0.17816912,-0.17816376,0.00041444,0.00040673
7.6800,-0.49639905,-0.49637701,-0.00012647,-0.00014161
7.7000,-0.44885541,-0.44878957,-0.00055579,-0.00057101
7.7200,-0.09076773,-0.09072639,-0.00070994,-0.00071324
7.7400,0.32808386,0.32807163,-0.00055061,-0.00053877
7.7600,0.55298394,0.55294271,-0.00028855,-0.00027170
7.7800,0.42399034,0.42391458,0.00001043,0.00002560
7.8000,0.04442819,0.04441253,0.00015976,0.00016022
7.8200,-0.34781077,-0.34779502,0.00028761,0.00027642
7.8400,-0.48287492,-0.48280531,0.00033108,0.00031547
7.8600,-0.27430586,-0.27425483,0.00032657,0.00031631
7.8800,0.14352905,0.14352697,0.00024374,0.00025012
7.9000,0.48775377,0.48770810,0.00001608,0.00003006
7.9200,0.51876886,0.51868624,-0.00029028,-0.00027122
7.9400,0.22479123,0.22476377,-0.00063155,-0.00062550
7.9600,-0.24249530,-0.24247921,-0.00070707,-0.00071426
7.9800,-0.57151108,-0.57143034,-0.00048662,-0.00050495
8.0000,-0.54683651,-0.54676622,0.00003743,0.00001806
8.0200,-0.17755427,-0.17753738,0.00067232,0.00066865
8.0400,0.30091453,0.30087243,0.00105568,0.00106275
8.0600,0.56501057,0.56491806,0.00100963,0.00103109
8.0800,0.42470928,0.42466054,0.00045074,0.00046205
8.1000,-0.02259762,-0.02259950,-0.00026108,-0.00025996
8.1200,-0.41880460,-0.41873291,-0.00097207,-0.00098623
8.1400,-0.54974950,-0.54967055,-0.00117702,-0.00119604
8.1600,-0.33236309,-0.33232655,-0.00082078,-0.00082916
8.1800,0.12667384,0.12665483,-0.00012680,-0.00012603
8.2000,0.50145098,0.50136786,0.00059449,0.00061472
8.2200,0.52220431,0.52214775,0.00099081,0.00100430
8.2400,0.16685268,0.16682770,0.00096657,0.00097495
8.2600,-0.29342380,-0.29337385,0.00049864,0.00048700
8.2800,-0.54546652,-0.54540025,-0.00008100,-0.00009858
8.3000,-0.39602002,-0.39597798,-0.00054471,-0.00055668
8.3200,0.06250703,0.06250217,-0.00076467,-0.00076519
8.3400,0.52517797,0.52510970,-0.00071279,-0.00069173
8.3600,0.63584266,0.63579144,-0.00053077,-0.00051370
8.3800,0.23686115,0.23683097,-0.00014989,-0.00013809
8.4000,-0.37680400,-0.37675758,0.00020884,0.00019350
8.4200,-0.76606068,-0.76599378,0.00061858,0.00059495
8.4400,-0.63892070,-0.63886886,0.00090141,0.00088008
8.4600,-0.07521855,-0.07521521,0.00095247,0.00094849
8.4800,0.53631344,0.53624711,0.00065936,0.00067979
8.5000,0.74566332,0.74560233,0.00001514,0.00003628
8.5200,0.37413126,0.37408468,-0.00067594,-0.00065959
8.5400,-0.28612338,-0.28608621,-0.00121055,-0.00122329
8.5600,-0.75889632,-0.75882443,-0.00116029,-0.00118281
8.5800,-0.65287391,-0.65280314,-0.00061599,-0.00063867
8.6000,-0.02542485,-0.02540288,0.00025008,0.00024847
8.6200,0.68457688,0.68451038,0.00098326,0.00100777
8.6400,0.94356541,0.94348552,0.00118537,0.00121312
8.6600,0.52688109,0.52679886,0.00083655,0.00085759
8.6800,-0.24435621,-0.24434170,0.00002975,0.00001799
8.7000,-0.82483475,-0.82476805,-0.00068919,-0.00071337
8.7200,-0.79730102,-0.79720627,-0.00108297,-0.00111089
8.7400,-0.22814978,-0.22809307,-0.00088345,-0.00089073
8.7600,0.49112780,0.49108912,-0.00031340,-0.00029565
8.7800,0.87021264,0.87013940,0.00026001,0.00028589
8.8000,0.62826434,0.62815984,0.00062794,0.00065222
8.8200,-0.06584338,-0.06585251,0.00061253,0.00060661
8.8400,-0.75554304,-0.75549474,0.00046624,0.00044459
8.8600,-0.93055786,-0.93045062,0.00021650,0.00018346
8.8800,-0.46382242,-0.46374771,0.00008688,0.00007252
8.9000,0.33252238,0.33250310,-0.00002799,-0.00001653
8.9200,0.90763251,0.90755711,-0.00019316,-0.00016509
8.9400,0.85771139,0.85758821,-0.00043740,-0.00040599
8.9600,0.19383007,0.19380368,-0.00066742,-0.00066456
8.9800,-0.63795094,-0.63791299,-0.00059795,-0.00061527
9.0000,-1.00217460,-1.00204906,-0.00026925,-0.00030530
9.0200,-0.65978529,-0.65969271,0.00037120,0.00035116
9.0400,0.13969980,0.13969982,0.00093806,0.00094233
9.0600,0.82097056,0.82089112,0.00114909,0.00117460
9.0800,0.94535769,0.94521233,0.00078503,0.00081880
9.1000,0.46001119,0.45995797,-0.00008808,-0.00007665
9.1200,-0.32110325,-0.32109136,-0.00096525,-0.00097167
9.1400,-0.87322437,-0.87308924,-0.00147063,-0.00150299
9.1600,-0.84660784,-0.84649432,-0.00118398,-0.00120890
9.1800,-0.23577805,-0.23573456,-0.00037228,-0.00038138
9.2000,0.52941941,0.52935740,0.00065885,0.00067591
9.2200,0.92555394,0.92540635,0.00131675,0.00134922
9.2400,0.65357547,0.65349645,0.00133276,0.00135069
9.2600,-0.09969773,-0.09972031,0.00077772,0.00077878
9.2800,-0.77254114,-0.77241729,-0.00009993,-0.00013008
9.3000,-0.91034417,-0.91023589,-0.00075093,-0.00077678
9.3200,-0.40583297,-0.40575916,-0.00102359,-0.00103983
9.3400,0.39134571,0.39129930,-0.00079129,-0.00077699
9.3600,0.95477426,0.95464671,-0.00039183,-0.00035987
9.3800,0.87689858,0.87680806,0.00000596,0.00003251
9.4000,0.21973511,0.21969173,0.00024433,0.00025530
9.4200,-0.54080359,-0.54069948,0.00031004,0.00028741
9.4400,-0.91751083,-0.91741820,0.00036576,0.00034040
9.4600,-0.68346695,-0.68337360,0.00041802,0.00039109
9.4800,-0.02087430,-0.02090880,0.00049505,0.00049762
9.5000,0.64911288,0.64901677,0.00034939,0.00036904
9.5200,0.86151713,0.86141956,-0.00002095,0.00000741
9.5400,0.46154840,0.46149777,-0.00051880,-0.00050148
9.5600,-0.28517492,-0.28509217,-0.00088231,-0.00089511
9.5800,-0.84676527,-0.84667972,-0.00083114,-0.00085439
9.6000,-0.80668143,-0.80657129,-0.00037530,-0.00040678
9.6200,-0.21251676,-0.21253907,0.00041173,0.00040927
9.6400,0.51999192,0.51992302,0.00101898,0.00103246
9.6600,0.86129025,0.86118005,0.00121209,0.00124241
9.6800,0.60172348,0.60166256,0.00077307,0.00079254
9.7000,-0.05367945,-0.05363604,-0.00005083,-0.00005424
9.7200,-0.63350100,-0.63343341,-0.00086847,-0.00088628
9.7400,-0.73568213,-0.73557217,-0.00127335,-0.00130151
9.7600,-0.33924716,-0.33924773,-0.00104627,-0.00105270
9.7800,0.24980215,0.24977750,-0.00036560,-0.00036169
9.8000,0.62848998,0.62839437,0.00045870,0.00048310
9.8200,0.58125918,0.58120827,0.00096317,0.00097970
9.8400,0.14645552,0.14645915,0.00101016,0.00101574
9.8600,-0.36926327,-0.36922110,0.00062668,0.00061507
9.8800,-0.60767219,-0.60758871,0.00007030,0.00004797
9.9000,-0.40731223,-0.40730636,-0.00041694,-0.00042690
9.9200,0.08640611,0.08640724,-0.00069468,-0.00069593
9.9400,0.51506253,0.51498286,-0.00069638,-0.00067488
9.9600,0.57294038,0.57291119,-0.00053885,-0.00052386
9.9800,0.20944059,0.20942662,-0.00023584,-0.00022580
10.0000,-0.29350240,-0.29346078,0.00009617,0.00008475
10.0200,-0.58865106,-0.58858910,0.00044907,0.00042982
10.0400,-0.49037095,-0.49035550,0.00072859,0.00071367
10.0600,-0.07508283,-0.07507510,0.00082340,0.00081830
10.0800,0.37268008,0.37261020,0.00064270,0.00065842
10.1000,0.55234814,0.55232261,0.00013400,0.00014830
10.1200,0.33809544,0.33805964,-0.00048575,-0.00047068
10.1400,-0.10924720,-0.10921007,-0.00099784,-0.00100455
10.1600,-0.48429981,-0.48425304,-0.00107946,-0.00109322
10.1800,-0.49689756,-0.49685825,-0.00070051,-0.00071778
10.2000,-0.11097056,-0.11095241,0.00000784,0.00000356
10.2200,0.40324506,0.40319143,0.00069940,0.00071421
10.2400,0.66967998,0.66964331,0.00102158,0.00104097
10.2600,0.47107382,0.47101126,0.00085894,0.00087749
10.2800,-0.05829896,-0.05828186,0.00028582,0.00028069
10.3000,-0.55189388,-0.55186496,-0.00036762,-0.00038298
10.3200,-0.64998548,-0.64992323,-0.00080031,-0.00082376
10.3400,-0.28933901,-0.28930227,-0.00081412,-0.00082240
10.3600,0.26124638,0.26122921,-0.00046852,-0.00045992
10.3800,0.59836807,0.59833594,0.00001036,0.00002937
10.4000,0.47504316,0.47497498,0.00042483,0.00044214
10.4200,-0.00381487,-0.00381759,0.00059337,0.00059107
10.4400,-0.49099385,-0.49098462,0.00055522,0.00054131
10.4600,-0.63744252,-0.63737601,0.00037579,0.00035258
10.4800,-0.36124876,-0.36120893,0.00018550,0.00017539
10.5000,0.13436462,0.13437124,-0.00000620,-0.00000295
10.5200,0.51243062,0.51239555,-0.00021033,-0.00019273
10.5400,0.50692678,0.50685921,-0.00040346,-0.00038657
10.5600,0.12040657,0.12038717,-0.00051490,-0.00051144
10.5800,-0.37475414,-0.37474842,-0.00043260,-0.00044376
10.6000,-0.62206610,-0.62199068,-0.00011651,-0.00013837
10.6200,-0.44892665,-0.44887630,0.00035586,0.00034244
10.6400,0.04398753,0.04401020,0.00075944,0.00075928
10.6600,0.54948087,0.54943096,0.00083921,0.00085833
10.6800,0.72821918,0.72813535,0.00047379,0.00049676
10.7000,0.44057177,0.44051654,-0.00021049,-0.00019543
10.7200,-0.13863314,-0.13863898,-0.00089018,-0.00089473
10.7400,-0.62244065,-0.62235940,-0.00118835,-0.00120912
10.7600,-0.67226668,-0.67218941,-0.00093702,-0.00095832
10.7800,-0.24827515,-0.24821750,-0.00022251,-0.00023178
10.8000,0.35445256,0.35441380,0.00060922,0.00062200
10.8200,0.71814505,0.71806161,0.00113666,0.00115905
10.8400,0.58179161,0.58170493,0.00110567,0.00112573
10.8600,0.04174252,0.04171590,0.00057059,0.00057112
10.8800,-0.51376165,-0.51370040,-0.00019456,-0.00021101
10.9000,-0.70752141,-0.70743534,-0.00079867,-0.00082205
10.9200,-0.41969508,-0.41961664,-0.00097053,-0.00098443
10.9400,0.15576519,0.15575041,-0.00069553,-0.00068986
10.9600,0.62789818,0.62783125,-0.00020487,-0.00018476
10.9800,0.64923863,0.64914358,0.00026613,0.00028826
11.0000,0.20175307,0.20171586,0.00054528,0.00055116
11.0200,-0.38221573,-0.38217648,0.00057838,0.00056641
11.0400,-0.69513440,-0.69505067,0.00044758,0.00042390
11.0600,-0.52082096,-0.52074324,0.00027104,0.00025442
11.0800,0.01942820,0.01942504,0.00006971,0.00006987
11.1000,0.55380517,0.55374458,-0.00016110,-0.00014261
11.1200,0.71657758,0.71648030,-0.00044135,-0.00041770
11.1400,0.40139166,0.40134922,-0.00066032,-0.00064728
11.1600,-0.16329910,-0.16327280,-0.00072372,-0.00072864
11.1800,-0.58382096,-0.58373438,-0.00048886,-0.00050873
11.2000,-0.57771127,-0.57763114,0.00000848,-0.00000981
11.2200,-0.17230721,-0.17229414,0.00060622,0.00059960
11.2400,0.34496051,0.34490554,0.00099298,0.00100510
11.2600,0.61802905,0.61793149,0.00094598,0.00096562
11.2800,0.43761129,0.43755648,0.00044631,0.00046125
11.3000,-0.08828009,-0.08826796,-0.00026243,-0.00026554
11.3200,-0.57282955,-0.57274495,-0.00084355,-0.00086227
11.3400,-0.64953277,-0.64944526,-0.00100448,-0.00102567
11.3600,-0.26053799,-0.26050522,-0.00069826,-0.00070706
11.3800,0.30054604,0.30050550,-0.00007708,-0.00006675
11.4000,0.63431648,0.63422524,0.00053305,0.00055359
11.4200,0.50480253,0.50473885,0.00083273,0.00084971
11.4400,0.00406576,0.00405983,0.00075655,0.00075609
11.4600,-0.48674980,-0.48668327,0.00037557,0.00036011
11.4800,-0.62684891,-0.62676886,-0.00006162,-0.00008315
11.5000,-0.31612132,-0.31608230,-0.00038024,-0.00038979
11.5200,0.23353853,0.23351224,-0.00051696,-0.00051000
11.5400,0.62411927,0.62403894,-0.00048836,-0.00046703
11.5600,0.56258960,0.56252847,-0.00038529,-0.00036705
11.5800,0.08742719,0.08741487,-0.00019592,-0.00019290
11.6000,-0.45786395,-0.45780369,0.00003765,0.00002293
11.6200,-0.70132889,-0.70124985,0.00036191,0.00033783
11.6400,-0.45102809,-0.45098301,0.00064421,0.00063054
11.6600,0.13247662,0.13245723,0.00075252,0.00075510
11.6800,0.63989377,0.63981108,0.00053860,0.00056143
11.7000,0.70248626,0.70241516,0.00000374,0.00002525
11.7200,0.26311279,0.26308286,-0.00061924,-0.00060903
11.7400,-0.36846954,-0.36841444,-0.00105610,-0.00106903
11.7600,-0.74323011,-0.74314592,-0.00100749,-0.00103175
11.7800,-0.57003186,-0.56996472,-0.00048814,-0.00050636
11.8000,0.02346276,0.02346169,0.00030760,0.00030699
11.8200,0.60146984,0.60139521,0.00096390,0.00098554
11.8400,0.74456489,0.74448269,0.00116171,0.00118390
11.8600,0.35070566,0.35065016,0.00080883,0.00082274
11.8800,-0.30660659,-0.30657078,0.00009477,0.00008251
11.9000,-0.77636720,-0.77629171,-0.00057701,-0.00060072
11.9200,-0.73238349,-0.73229448,-0.00088899,-0.00091406
11.9400,-0.20982701,-0.20980204,-0.00071359,-0.00072011
11.9600,0.43860567,0.43856048,-0.00024072,-0.00022559
11.9800,0.77204686,0.77196582,0.00026087,0.00028487
12.0000,0.57160816,0.57153537,0.00052524,0.00054616
12.0200,-0.02911031,-0.02910309,0.00048989,0.00048630
12.0400,-0.61126672,-0.61121366,0.00029114,0.00027357
12.0600,-0.74575275,-0.74566144,0.00006793,0.00004074
12.0800,-0.32008100,-0.32004730,-0.00006775,-0.00007645
12.1000,0.37676723,0.37674192,-0.00016999,-0.00015886
12.1200,0.84838525,0.84830143,-0.00026934,-0.00024109
12.1400,0.75776309,0.75768318,-0.00043827,-0.00041252
12.1600,0.14181207,0.14179991,-0.00056210,-0.00055887
12.1800,-0.59149956,-0.59145118,-0.00047839,-0.00049551
12.2000,-0.93829709,-0.93819309,-0.00009952,-0.00013307
12.2200,-0.65741869,-0.65736154,0.00048597,0.00046697
12.2400,0.07091440,0.07091610,0.00098940,0.00098910
12.2600,0.76236157,0.76227553,0.00110764,0.00113448
12.2800,0.95871733,0.95862035,0.00063949,0.00066987
12.3000,0.51357825,0.51352479,-0.00023809,-0.00022096
12.3200,-0.28058678,-0.28056005,-0.00110100,-0.00110932
12.3400,-0.88832405,-0.88822113,-0.00149012,-0.00152078
12.3600,-0.89517700,-0.89508645,-0.00114510,-0.00117240
12.3800,-0.27368953,-0.27364586,-0.00022682,-0.00023825
12.4000,0.56384618,0.56378350,0.00080964,0.00083035
12.4200,1.04478296,1.04468027,0.00140324,0.00143551
12.4400,0.82118808,0.82109188,0.00127554,0.00130392
12.4600,0.02694359,0.02693136,0.00053801,0.00053812
12.4800,-0.80729510,-0.80721890,-0.00040094,-0.00042734
12.5000,-1.12666691,-1.12655663,-0.00101287,-0.00104921
12.5200,-0.71539314,-0.71530865,-0.00102340,-0.00104795
12.5400,0.15860997,0.15859589,-0.00049837,-0.00049159
12.5600,0.92855865,0.92847647,0.00016024,0.00018911
12.5800,1.08499529,1.08488021,0.00059044,0.00062770
12.6000,0.52434539,0.52429130,0.00058783,0.00060361
12.6200,-0.37452593,-0.37449522,0.00026675,0.00025528
12.6400,-0.99353278,-0.99343487,-0.00009698,-0.00013015
12.6600,-0.92007286,-0.91997375,-0.00025829,-0.00028871
12.6800,-0.22166469,-0.22163984,-0.00014545,-0.00015228
12.7000,0.63768649,0.63763094,0.00003386,0.00005412
12.7200,1.07324347,1.07313259,0.00009617,0.00013229
12.7400,0.79862630,0.79854688,-0.00008586,-0.00006032
12.7600,-0.00195551,-0.00195761,-0.00038620,-0.00038560
12.7800,-0.79337067,-0.79328878,-0.00052477,-0.00055134
12.8000,-1.03999686,-1.03988755,-0.00033582,-0.00036971
12.8200,-0.58952850,-0.58946864,0.00017748,0.00015784
12.8400,0.23895979,0.23893358,0.00071566,0.00072369
12.8600,0.86434115,0.86424284,0.00097468,0.00100298
12.8800,0.87116306,0.87106382,0.00070965,0.00073850
12.9000,0.26398395,0.26395099,0.00003803,0.00004656
12.9200,-0.52983277,-0.52977714,-0.00067560,-0.00069280
12.9400,-0.95167717,-0.95156754,-0.00104771,-0.00107910
12.9600,-0.71017353,-0.71008932,-0.00085303,-0.00087637
12.9800,0.02372992,0.02373536,-0.00023379,-0.00023275
13.0000,0.72037206,0.72029308,0.00049098,0.00051429
13.0200,0.89407856,0.89397081,0.00089822,0.00092832
13.0400,0.42479680,0.42473862,0.00083296,0.00084605
13.0600,-0.35378060,-0.35375554,0.00038976,0.00037911
13.0800,-0.90891640,-0.90881590,-0.00013354,-0.00016443
13.1000,-0.86892323,-0.86882736,-0.00042038,-0.00044806
13.1200,-0.25901364,-0.25897703,-0.00039702,-0.00040605
13.1400,0.51173406,0.51167898,-0.00015194,-0.00013495
13.1600,0.94875211,0.94864758,0.00002529,0.00005688
13.1800,0.76217896,0.76209929,0.00003019,0.00005432
13.2000,0.08701554,0.08700674,-0.00012870,-0.00012449
13.2200,-0.61746249,-0.61738202,-0.00026664,-0.00028876
13.2400,-0.86660297,-0.86650900,-0.00019916,-0.00022593
13.2600,-0.49892946,-0.49886971,0.00005897,0.00004095
13.2800,0.19007052,0.19003800,0.00041034,0.00041776
13.3000,0.71786611,0.71777785,0.00056677,0.00058990
13.3200,0.73592620,0.73583952,0.00041322,0.00043719
13.3400,0.26389405,0.26386558,-0.00004554,-0.00003594
13.3600,-0.35899414,-0.35893504,-0.00053794,-0.00055134
13.3800,-0.70496538,-0.70487988,-0.00077535,-0.00079656
13.4000,-0.55074255,-0.55066784,-0.00060739,-0.00062768
13.4200,-0.01665817,-0.01667003,-0.00010931,-0.00010775
13.4400,0.53102589,0.53095985,0.00041522,0.00043093
13.4600,0.71290684,0.71281598,0.00070417,0.00072871
13.4800,0.41027197,0.41022874,0.00058245,0.00059556
13.5000,-0.17288268,-0.17285051,0.00018241,0.00017622
13.5200,-0.63102919,-0.63095547,-0.00025847,-0.00027802
13.5400,-0.64893801,-0.64885757,-0.00049620,-0.00051939
13.5600,-0.22186478,-0.22185686,-0.00043083,-0.00043580
13.5800,0.33927127,0.33923107,-0.00016664,-0.00015770
13.6000,0.62574313,0.62566021,0.00013737,0.00016021
13.6200,0.44823624,0.44819278,0.00028340,0.00029646
13.6400,-0.04005508,-0.04004476,0.00026419,0.00026383
13.6600,-0.47177056,-0.47171066,0.00011987,0.00010393
13.6800,-0.54423575,-0.54416703,0.00000823,-0.00001034
13.7000,-0.21097430,-0.21096048,-0.00004365,-0.00004933
13.7200,0.28457819,0.28454969,-0.00003764,-0.00003028
13.7400,0.59762713,0.59754894,-0.00008161,-0.00005945
13.7600,0.50338358,0.50334119,-0.00020263,-0.00018852
13.7800,0.04820774,0.04820271,-0.00031389,-0.00030985
13.8000,-0.45802205,-0.45796215,-0.00030966,-0.00032659
13.8200,-0.66307699,-0.66300893,-0.00009424,-0.00011484
13.8400,-0.42080050,-0.42076620,0.00026197,0.00024771
13.8600,0.09067342,0.09065711,0.00060733,0.00060976
13.8800,0.51412257,0.51405168,0.00070798,0.00072627
13.9000,0.55886559,0.55881422,0.00046664,0.00048299
13.9200,0.21214010,0.21211349,-0.00003589,-0.00002644
13.9400,-0.26624167,-0.26619533,-0.00057592,-0.00058723
13.9600,-0.54724127,-0.54718288,-0.00084552,-0.00086113
13.9800,-0.43933676,-0.43928424,-0.00071151,-0.00072780
14.0000,-0.02178608,-0.02178726,-0.00022935,-0.00022888
14.0200,0.41300429,0.41295354,0.00032799,0.00034124
14.0400,0.55360078,0.55354408,0.00069496,0.00071271
14.0600,0.28945692,0.28941602,0.00071356,0.00072430
14.0800,-0.20028997,-0.20026329,0.00042606,0.00041763
14.1000,-0.56402938,-0.56398184,0.00002518,0.00000876
14.1200,-0.53295463,-0.53289215,-0.00029589,-0.00031576
14.1400,-0.12479955,-0.12478884,-0.00041046,-0.00041243
14.1600,0.37728165,0.37725075,-0.00036467,-0.00035386
14.1800,0.61507997,0.61502130,-0.00023481,-0.00021340
14.2000,0.41433188,0.41428582,-0.00012122,-0.00010789
14.2200,-0.07917934,-0.07916954,-0.00001736,-0.00002041
14.2400,-0.49875398,-0.49871436,0.00009120,0.00007589
14.2600,-0.55992853,-0.55986303,0.00023757,0.00021730
14.2800,-0.24525299,-0.24523361,0.00040416,0.00039809
14.3000,0.23227573,0.23225953,0.00045180,0.00045730
14.3200,0.55602072,0.55595890,0.00029345,0.00031355
14.3400,0.51818555,0.51813186,-0.00009434,-0.00007868
14.3600,0.14297757,0.14296549,-0.00053615,-0.00053050
14.3800,-0.33355950,-0.33352621,-0.00079775,-0.00080877
14.4000,-0.60418503,-0.60411288,-0.00067605,-0.00069641
14.4200,-0.47090738,-0.47086504,-0.00018747,-0.00020186
14.4400,-0.00263455,-0.00262765,0.00043717,0.00043546
14.4600,0.47506165,0.47500285,0.00088744,0.00090481
14.4800,0.61432261,0.61425875,0.00091383,0.00093222
14.5000,0.29963261,0.29959173,0.00051393,0.00052552
14.5200,-0.26313240,-0.26311280,-0.00011610,-0.00012595
14.5400,-0.67747922,-0.67741023,-0.00061898,-0.00064056
14.5600,-0.61511622,-0.61505297,-0.00078021,-0.00080056
14.5800,-0.08448550,-0.08445581,-0.00055939,-0.00056286
14.6000,0.56225333,0.56220495,-0.00015010,-0.00013039
14.6200,0.85191632,0.85184498,0.00018607,0.00021256
14.6400,0.52777895,0.52771112,0.00033696,0.00035621
14.6600,-0.21837638,-0.21837345,0.00028244,0.00027373
14.6800,-0.87608690,-0.87602119,0.00022044,0.00019278
14.7000,-0.94382950,-0.94374413,0.00021812,0.00018635
14.7200,-0.34479485,-0.34473959,0.00028765,0.00027611
14.7400,0.51092964,0.51089426,0.00028911,0.00030668
14.7600,1.01733946,1.01726023,0.00008035,0.00011257
14.7800,0.82344349,0.82334587,-0.00030603,-0.00027732
14.8000,0.09539070,0.09536828,-0.00076141,-0.00075981
14.8200,-0.66218348,-0.66213165,-0.00092553,-0.00094609
14.8400,-0.91909837,-0.91899698,-0.00066348,-0.00069457
14.8600,-0.50342592,-0.50334367,0.00000260,-0.00001393
14.8800,0.28909898,0.28908668,0.00071531,0.00072525
14.9000,0.88071829,0.88063962,0.00110075,0.00112866
14.9200,0.83693036,0.83680821,0.00094164,0.00097062
14.9400,0.19305866,0.19301099,0.00027900,0.00028387
14.9600,-0.61263455,-0.61259893,-0.00048038,-0.00049904
14.9800,-1.02792000,-1.02780093,-0.00094842,-0.00098310
15.0000,-0.78510354,-0.78499029,-0.00083549,-0.00086069
15.0200,-0.04730401,-0.04727803,-0.00026455,-0.00026594
15.0400,0.69784887,0.69778435,0.00042906,0.00045128
15.0600,0.97096590,0.97082870,0.00082478,0.00085791
15.0800,0.59811679,0.59803512,0.00071779,0.00073585
15.1000,-0.17442038,-0.17442348,0.00025220,0.00024797
15.1200,-0.80246186,-0.80235309,-0.00029509,-0.00032307
15.1400,-0.83863812,-0.83852063,-0.00059680,-0.00062332
15.1600,-0.26274970,-0.26269597,-0.00057091,-0.00058013
15.1800,0.49038989,0.49034205,-0.00026359,-0.00024750
15.2000,0.89375197,0.89362349,0.00005218,0.00008256
15.2200,0.65893583,0.65884620,0.00020138,0.00022175
15.2400,-0.06512714,-0.06514589,0.00019586,0.00019557
15.2600,-0.77669698,-0.77659263,0.00012896,0.00010160
15.2800,-0.98809458,-0.98797531,0.00018886,0.00015778
15.3000,-0.51280464,-0.51273059,0.00032362,0.00030557
15.3200,0.35045032,0.35040932,0.00040699,0.00041877
15.3400,1.00945323,1.00932495,0.00024786,0.00028132
15.3600,0.99689246,0.99678008,-0.00019066,-0.00015871
15.3800,0.32298175,0.32294111,-0.00071527,-0.00070335
15.4000,-0.51921635,-0.51912680,-0.00106177,-0.00108035
15.4200,-0.94246711,-0.94234531,-0.00092734,-0.00095710
15.4400,-0.64782196,-0.64772694,-0.00032980,-0.00035228
15.4600,0.13537486,0.13535209,0.00048079,0.00048587
15.4800,0.81304528,0.81293204,0.00107384,0.00110058
15.5000,0.85576051,0.85564008,0.00115834,0.00118610
15.5200,0.23575392,0.23570198,0.00072232,0.00073089
15.5400,-0.54597774,-0.54590442,-0.00004565,-0.00006476
15.5600,-0.90704810,-0.90692964,-0.00070879,-0.00073771
15.5800,-0.59617413,-0.59607075,-0.00098757,-0.00100793
15.6000,0.12504006,0.12503345,-0.00077863,-0.00077391
15.6200,0.73304146,0.73294691,-0.00028744,-0.00026327
15.6400,0.82082822,0.82071017,0.00019395,0.00022057
15.6600,0.36953105,0.36947024,0.00046118,0.00047385
15.6800,-0.26680819,-0.26675924,0.00043630,0.00042645
15.7000,-0.64575929,-0.64565936,0.00027147,0.00025084
15.7200,-0.51876628,-0.51867105,0.00006858,0.00005065
15.7400,-0.00117159,-0.00117314,-0.00007444,-0.00007403
15.7600,0.52696213,0.52688115,-0.00021417,-0.00019676
15.7800,0.65445165,0.65434346,-0.00033419,-0.00031274
15.8000,0.25478862,0.25473842,-0.00039332,-0.00038398
15.8200,-0.40324743,-0.40319209,-0.00030602,-0.00032002
15.8400,-0.84803001,-0.84791957,0.00000902,-0.00001780
15.8600,-0.74656510,-0.74646052,0.00046643,0.00044085
15.8800,-0.16230183,-0.16229812,0.00089481,0.00089015
15.9000,0.50987821,0.50979665,0.00100291,0.00101923
15.9200,0.80975759,0.80963579,0.00066720,0.00069383
15.9400,0.54222430,0.54215704,-0.00006219,-0.00004386
15.9600,-0.10112595,-0.10109038,-0.00084715,-0.00085123
15.9800,-0.66641543,-0.66631111,-0.00129142,-0.00131208
16.0000,-0.76531967,-0.76520596,-0.00113848,-0.00116490
16.0200,-0.33953388,-0.33950898,-0.00041580,-0.00042568
16.0400,0.32248932,0.32243066,0.00050469,0.00051422
16.0600,0.76690765,0.76679013,0.00118443,0.00121013
16.0800,0.70588537,0.70580439,0.00125809,0.00128104
16.1000,0.19132832,0.19132980,0.00072215,0.00072787
16.1200,-0.42068615,-0.42061082,-0.00013297,-0.00014594
16.1400,-0.72430818,-0.72420657,-0.00087619,-0.00090129
16.1600,-0.52667508,-0.52663371,-0.00114868,-0.00116442
16.1800,0.03222915,0.03220547,-0.00090678,-0.00090702
16.2000,0.55412798,0.55404150,-0.00030573,-0.00028621
16.2200,0.68257501,0.68250849,0.00030688,0.00032855
16.2400,0.34471185,0.34469677,0.00069438,0.00070593
16.2600,-0.20905189,-0.20900385,0.00073506,0.00072827
16.2800,-0.60018838,-0.60011563,0.00052632,0.00050570
16.3000,-0.57082320,-0.57078754,0.00021601,0.00019835
16.3200,-0.15555601,-0.15556488,-0.00007071,-0.00007729
16.3400,0.35330686,0.35324465,-0.00029150,-0.00027824
16.3600,0.61073780,0.61068988,-0.00046644,-0.00044762
16.3800,0.43412821,0.43410885,-0.00055222,-0.00053672
16.4000,-0.05372672,-0.05369045,-0.00050218,-0.00050448
16.4200,-0.51478410,-0.51472796,-0.00024553,-0.00026237
16.4400,-0.62475707,-0.62471834,0.00019511,0.00017495
16.4600,-0.31148341,-0.31148043,0.00066338,0.00065215
16.4800,0.19455290,0.19450874,0.00094776,0.00095533
16.5000,0.53919147,0.53914802,0.00084151,0.00085792
16.5200,0.48244219,0.48240964,0.00034941,0.00036656
16.5400,0.08046252,0.08047733,-0.00035683,-0.00035515
16.5600,-0.37375523,-0.37371863,-0.00093706,-0.00094858
16.5800,-0.56440247,-0.56435875,-0.00109528,-0.00111404
16.6000,-0.36832569,-0.36830308,-0.00074086,-0.00075303
16.6200,0.07138831,0.07137509,-0.00003463,-0.00003172
16.6400,0.44506714,0.44503681,0.00066618,0.00068006
16.6600,0.48185261,0.48181232,0.00105707,0.00107381
16.6800,0.15966992,0.15965781,0.00096583,0.00097010
16.7000,-0.28967203,-0.28966271,0.00049871,0.00048992
16.7200,-0.54206783,-0.54203208,-0.00010579,-0.00012430
16.7400,-0.40980041,-0.40976783,-0.00057549,-0.00058864
16.7600,0.02767084,0.02768190,-0.00076671,-0.00076581
16.7800,0.46833741,0.46832077,-0.00068741,-0.00067214
16.8000,0.59330770,0.59326725,-0.00043105,-0.00041095
16.8200,0.30466277,0.30463426,-0.00011641,-0.00010691
16.8400,-0.20520721,-0.20521343,0.00020333,0.00019720
16.8600,-0.57758950,-0.57755667,0.00048061,0.00046088
16.8800,-0.54710560,-0.54706342,0.00067373,0.00065608
16.9000,-0.12846768,-0.12844038,0.00069725,0.00069252
16.9200,0.39471819,0.39470507,0.00046722,0.00048028
16.9400,0.66457038,0.66452009,-0.00002067,0.00000128
16.9600,0.48754145,0.48749065,-0.00062183,-0.00060589
16.9800,-0.03069318,-0.03071356,-0.00105600,-0.00105648
17.0000,-0.53822805,-0.53819019,-0.00107423,-0.00109230
17.0200,-0.67595204,-0.67588544,-0.00058283,-0.00060461
17.0400,-0.33320576,-0.33314864,0.00022844,0.00021697
17.0600,0.25623175,0.25623096,0.00099558,0.00100419
17.0800,0.67807056,0.67800887,0.00132198,0.00134401
17.1000,0.63137599,0.63129319,0.00103374,0.00105441
17.1200,0.14936925,0.14931829,0.00024757,0.00025266
17.1400,-0.43221668,-0.43219083,-0.00065123,-0.00066576
17.1600,-0.71339971,-0.71331965,-0.00121926,-0.00124218
17.1800,-0.50425728,-0.50416795,-0.00120137,-0.00121833
17.2000,0.04753249,0.04756066,-0.00063698,-0.00063490
17.2200,0.56431247,0.56426343,0.00014586,0.00016420
17.2400,0.67773925,0.67764432,0.00078056,0.00080296
17.2600,0.30108497,0.30101079,0.00101378,0.00102372
17.2800,-0.29950849,-0.29950305,0.00082249,0.00081225
17.3000,-0.69259370,-0.69251942,0.00037785,0.00035532
17.3200,-0.59075037,-0.59065241,-0.00010407,-0.00012410
17.3400,-0.05639895,-0.05635948,-0.00045220,-0.00045358
17.3600,0.54285410,0.54281238,-0.00064473,-0.00062720
17.3800,0.78240120,0.78230170,-0.00068374,-0.00065761
17.4000,0.49074370,0.49066192,-0.00060646,-0.00059028
17.4200,-0.13528887,-0.13528971,-0.00037255,-0.00037710
17.4400,-0.66458153,-0.66450388,0.00002077,-0.00000080
17.4600,-0.73662934,-0.73652040,0.00052119,0.00049632
17.4800,-0.30432000,-0.30427091,0.00094529,0.00093575
17.5000,0.33168811,0.33164998,0.00105406,0.00106428
17.5200,0.72213866,0.72202867,0.00071544,0.00073974
17.5400,0.59268402,0.59258917,-0.00000797,0.00001128
17.5600,0.03141654,0.03140371,-0.00080314,-0.00080184
17.5800,-0.56054954,-0.56046889,-0.00128799,-0.00130620
17.6000,-0.75762668,-0.75750379,-0.00118862,-0.00121385
17.6200,-0.41373297,-0.41366438,-0.00052221,-0.00053529
17.6400,0.23020872,0.23018430,0.00039362,0.00040048
17.6600,0.71992760,0.71981495,0.00111618,0.00114044
17.6800,0.71835975,0.71824984,0.00128286,0.00130576
17.7000,0.23304522,0.23300576,0.00084171,0.00084975
17.7200,-0.39949066,-0.39942839,0.00003193,0.00001849
17.7400,-0.75375549,-0.75363889,-0.00070991,-0.00073469
17.7600,-0.58685449,-0.58677064,-0.00105327,-0.00107224
17.7800,-0.01065636,-0.01065603,-0.00090061,-0.00090136
17.8000,0.57500908,0.57491827,-0.00040877,-0.00038911
17.8200,0.75987834,0.75977657,0.00013786,0.00016222
17.8400,0.41169606,0.41164504,0.00051133,0.00052554
17.8600,-0.22501510,-0.22497067,0.00061716,0.00060913
17.8800,-0.70984588,-0.70974805,0.00053336,0.00051026
17.9000,-0.70921564,-0.70913410,0.00036552,0.00034199
17.9200,-0.22561203,-0.22560311,0.00018636,0.00017873
17.9400,0.41350464,0.41343016,-0.00002775,-0.00001372
17.9600,0.77194551,0.77185286,-0.00030362,-0.00027875
17.9800,0.60503827,0.60498217,-0.00059344,-0.00057270
18.0000,0.03133087,0.03136268,-0.00076900,-0.00076862
18.0200,-0.55359668,-0.55351250,-0.00065286,-0.00067045
18.0400,-0.74078582,-0.74070212,-0.00021036,-0.00023521
18.0600,-0.40588207,-0.40586120,0.00043309,0.00041979
18.0800,0.21263521,0.21257918,0.00097233,0.00097934
18.1000,0.67857971,0.67849311,0.00110537,0.00112726
18.1200,0.66404694,0.66398020,0.00071131,0.00073374
18.1400,0.17591959,0.17592859,-0.00006235,-0.00005712
18.1600,-0.45948952,-0.45942507,-0.00081664,-0.00083099
18.1800,-0.80401135,-0.80392490,-0.00116828,-0.00119515
18.2000,-0.61364063,-0.61359637,-0.00092275,-0.00094250
18.2200,-0.00766845,-0.00768822,-0.00022327,-0.00022366
18.2400,0.60489974,0.60483320,0.00055589,0.00057571
18.2600,0.80425027,0.80417778,0.00101209,0.00103870
18.2800,0.45752833,0.45750365,0.00093980,0.00095433
18.3000,-0.18639574,-0.18637108,0.00042708,0.00042134
18.3200,-0.67636687,-0.67630269,-0.00022878,-0.00025161
18.3400,-0.68557050,-0.68552016,-0.00068172,-0.00070381
18.3600,-0.22335042,-0.22333748,-0.00075567,-0.00076323
18.3800,0.37534716,0.37531383,-0.00049669,-0.00048402
18.4000,0.69011240,0.69005795,-0.00010227,-0.00007945
18.4200,0.50717271,0.50713753,0.00021743,0.00023400
18.4400,-0.03808298,-0.03808288,0.00037774,0.00037676
18.4600,-0.56097001,-0.56092727,0.00039616,0.00037727
18.4800,-0.70046468,-0.70041687,0.00037186,0.00034905
18.5000,-0.35525955,-0.35523050,0.00032024,0.00030819
18.5200,0.23569445,0.23567885,0.00020863,0.00021656
18.5400,0.66132136,0.66127356,-0.00002580,-0.00000406
18.5600,0.62939303,0.62934444,-0.00036012,-0.00033938
18.5800,0.17154620,0.17152627,-0.00066568,-0.00065982
18.6000,-0.38461225,-0.38458300,-0.00075655,-0.00076941
18.6200,-0.65400819,-0.65395476,-0.00049933,-0.00052062
18.6400,-0.45562715,-0.45557717,0.00004809,0.00003279
18.6600,0.06595035,0.06595499,0.00064892,0.00065115
18.6800,0.55257715,0.55253463,0.00097816,0.00099615
18.7000,0.66892041,0.66885360,0.00083151,0.00085344
18.7200,0.32820081,0.32815311,0.00025378,0.00026470
18.7400,-0.24471937,-0.24471077,-0.00046850,-0.00047664
18.7600,-0.66437372,-0.66431628,-0.00095182,-0.00097338
18.7800,-0.64094151,-0.64086468,-0.00094827,-0.00096948
18.8000,-0.18232442,-0.18228688,-0.00047356,-0.00047930
18.8200,0.39792153,0.39789915,0.00020319,0.00021614
18.8400,0.69087909,0.69080576,0.00073646,0.00075927
18.8600,0.49175919,0.49168759,0.00087633,0.00089248
18.8800,-0.05658331,-0.05660330,0.00060653,0.00060451
18.9000,-0.56894048,-0.56889585,0.00012424,0.00010560
18.9200,-0.68552996,-0.68544693,-0.00030620,-0.00032897
18.9400,-0.32261926,-0.32256187,-0.00050410,-0.00051452
18.9600,0.27294103,0.27293712,-0.00046386,-0.00045502
18.9800,0.69355695,0.69348719,-0.00030381,-0.00028078
19.0000,0.64875381,0.64867170,-0.00015757,-0.00013625
19.0200,0.16179054,0.16175218,-0.00006165,-0.00005629
19.0400,-0.43671519,-0.43667953,0.00003511,0.00002076
19.0600,-0.73309801,-0.73301176,0.00019360,0.00016933
19.0800,-0.52795233,-0.52787984,0.00040222,0.00038488
19.1000,0.03025403,0.03026362,0.00055178,0.00055259
19.1200,0.55671363,0.55664687,0.00048644,0.00050490
19.1400,0.69228497,0.69219333,0.00014445,0.00016716
19.1600,0.34570493,0.34565009,-0.00036520,-0.00035367
19.1800,-0.23749699,-0.23747083,-0.00078560,-0.00079338
19.2000,-0.64789952,-0.64781116,-0.00087093,-0.00089221
19.2200,-0.60155475,-0.60146610,-0.00051671,-0.00053649
19.2400,-0.13107908,-0.13105254,0.00012381,0.00011940
19.2600,0.43752986,0.43747194,0.00073186,0.00074622
19.2800,0.71449276,0.71439319,0.00097562,0.00099899
19.3000,0.51163792,0.51156257,0.00072068,0.00073750
19.3200,-0.03575452,-0.03574982,0.00010459,0.00010335
19.3400,-0.55642389,-0.55634605,-0.00053775,-0.00055600
19.3600,-0.69236012,-0.69226258,-0.00087822,-0.00090095
19.3800,-0.35264344,-0.35259549,-0.00076684,-0.00077838
19.4000,0.22375947,0.22372570,-0.00030270,-0.00029528
19.4200,0.64242500,0.64233656,0.00023504,0.00025620
19.4400,0.62012782,0.62004664,0.00057077,0.00059110
19.4600,0.17848154,0.17846586,0.00057991,0.00058579
19.4800,-0.37906757,-0.37901112,0.00033341,0.00032078
19.5000,-0.67310767,-0.67302007,0.00003144,0.00000931
19.5200,-0.50410080,-0.50404638,-0.00017201,-0.00018865
19.5400,0.00547364,0.00545886,-0.00021571,-0.00021551
19.5600,0.50435941,0.50428750,-0.00018034,-0.00016357
19.5800,0.64814454,0.64806970,-0.00015607,-0.00013483
19.6000,0.34074738,0.34072213,-0.00018105,-0.00016956
19.6200,-0.20180747,-0.20176568,-0.00019531,-0.00020217
19.6400,-0.60266040,-0.60258351,-0.00009769,-0.00011734
19.6600,-0.58311998,-0.58306291,0.00013147,0.00011204
19.6800,-0.15906989,-0.15907178,0.00041165,0.00040642
19.7000,0.37827976,0.37822020,0.00055407,0.00056650
19.7200,0.65757655,0.65750361,0.00042189,0.00044336
19.7400,0.48633890,0.48630004,0.00001416,0.00003047
19.7600,-0.01885880,-0.01883525,-0.00047838,-0.00047927
19.7800,-0.51093258,-0.51086745,-0.00078046,-0.00079684
19.8000,-0.65143677,-0.65137205,-0.00069912,-0.00072088
19.8200,-0.34378586,-0.34376617,-0.00023649,-0.00024751
19.8400,0.20220512,0.20216947,0.00036485,0.00037130
19.8600,0.60655197,0.60648745,0.00079364,0.00081355
19.8800,0.59124256,0.59119002,0.00081145,0.00083101
19.9000,0.16723715,0.16723346,0.00042268,0.00042784
19.9200,-0.37085471,-0.37081447,-0.00015113,-0.00016292
19.9400,-0.64979000,-0.64972894,-0.00060420,-0.00062605
19.9600,-0.47793192,-0.47789497,-0.00070975,-0.00072495
19.9800,0.02380532,0.02379955,-0.00047089,-0.00047044
20.0000,0.50258916,0.50254470,-0.00005092,-0.00003408
20.0200,0.62861774,0.62856519,0.00029605,0.00031669
20.0400,0.31823528,0.31821121,0.00042766,0.00043796
20.0600,-0.20665887,-0.20664428,0.00033691,0.00033035
20.0800,-0.58027360,-0.58022555,0.00015224,0.00013261
20.1000,-0.54785904,-0.54781664,0.00000956,-0.00000797
20.1200,-0.13864665,-0.13863150,-0.00004506,-0.00005018
20.1400,0.35805213,0.35802473,-0.00005203,-0.00003971
20.1600,0.59858513,0.59853709,-0.00010348,-0.00008403
20.1800,0.41249640,0.41245951,-0.00020689,-0.00019311
20.2000,-0.06604672,-0.06604836,-0.00029708,-0.00029913
20.2200,-0.49748685,-0.49744643,-0.00026222,-0.00027887
20.2400,-0.58152354,-0.58147344,-0.00004133,-0.00006010
20.2600,-0.26054837,-0.26051557,0.00028750,0.00027835
20.2800,0.24258475,0.24256938,0.00055104,0.00055947
20.3000,0.58178772,0.58173783,0.00055231,0.00057098
20.3200,0.51838066,0.51832497,0.00024752,0.00026490
20.3400,0.09580501,0.09578304,-0.00023678,-0.00023374
20.3600,-0.39148638,-0.39145609,-0.00064136,-0.00065420
20.3800,-0.60647052,-0.60641020,-0.00073197,-0.00075169
20.4000,-0.40428756,-0.40423175,-0.00044278,-0.00045635
20.4200,0.06878970,0.06879608,0.00008791,0.00009055
20.4400,0.48616723,0.48612429,0.00056718,0.00058280
20.4600,0.55905553,0.55898661,0.00075014,0.00076883
20.4800,0.23816003,0.23811560,0.00055536,0.00056293
20.5000,-0.25443481,-0.25442365,0.00011841,0.00011014
20.5200,-0.57531548,-0.57525674,-0.00031216,-0.00033109
20.5400,-0.50049244,-0.50042293,-0.00052581,-0.00054235
20.5600,-0.08544763,-0.08542072,-0.00044884,-0.00045142
20.5800,0.38302992,0.38300010,-0.00019154,-0.00017909
20.6000,0.58422458,0.58415402,0.00007518,0.00009463
20.6200,0.38841108,0.38835321,0.00020727,0.00021986
20.6400,-0.06265386,-0.06265958,0.00019161,0.00018959
20.6600,-0.45461180,-0.45456164,0.00010758,0.00009253
20.6800,-0.52062911,-0.52055718,0.00005442,0.00003718
20.7000,-0.22308377,-0.22304620,0.00006834,0.00006109
20.7200,0.22441150,0.22439163,0.00008864,0.00009590
20.7400,0.50522790,0.50515992,0.00004712,0.00006394
20.7600,0.42614202,0.42607931,-0.00009745,-0.00008342
20.7800,0.03872085,0.03870749,-0.00026366,-0.00026231
20.8000,-0.38824278,-0.38819507,-0.00032780,-0.00034047
20.8200,-0.55425772,-0.55418066,-0.00019558,-0.00021395
20.8400,-0.33976776,-0.33971994,0.00010353,0.00009247
20.8600,0.11027382,0.11026197,0.00041429,0.00041768
20.8800,0.48716710,0.48709808,0.00054684,0.00056297
20.9000,0.53651227,0.53643938,0.00038155,0.00039906
20.9200,0.22960207,0.22957280,-0.00002157,-0.00001400
20.9400,-0.21519196,-0.21515559,-0.00046332,-0.00047034
20.9600,-0.49261272,-0.49253738,-0.00069735,-0.00071368
20.9800,-0.41770888,-0.41765046,-0.00058838,-0.00060187
21.0000,-0.05287713,-0.05287271,-0.00019118,-0.00019313
21.0200,0.33623418,0.33617821,0.00029383,0.00030515
21.0400,0.47532502,0.47525524,0.00061336,0.00062882
21.0600,0.26918003,0.26914166,0.00062988,0.00063882
21.0800,-0.13331406,-0.13329117,0.00036629,0.00036184
21.1000,-0.44797073,-0.44790655,-0.00000729,-0.00002215
21.1200,-0.45077994,-0.45072142,-0.00030291,-0.00031759
21.1400,-0.13598970,-0.13597634,-0.00040999,-0.00041468
21.1600,0.27863974,0.27859637,-0.00034125,-0.00033176
21.1800,0.50557401,0.50551136,-0.00019471,-0.00017830
21.2000,0.38900351,0.38896176,-0.00006055,-0.00004749
21.2200,0.01386696,0.01387955,0.00002376,0.00002404
21.2400,-0.36175074,-0.36169839,0.00009341,0.00008151
21.2600,-0.48219078,-0.48213541,0.00018499,0.00016912
21.2800,-0.27170649,-0.27168780,0.00028786,0.00027872
21.3000,0.11616518,0.11613344,0.00033254,0.00033658
21.3200,0.41064996,0.41059517,0.00023593,0.00024918
21.3400,0.41314286,0.41309995,-0.00001199,0.00000195
21.3600,0.12895952,0.12896298,-0.00032707,-0.00032303
21.3800,-0.24442625,-0.24438446,-0.00053420,-0.00054201
21.4000,-0.44715133,-0.44709756,-0.00049889,-0.00051365
21.4200,-0.33964831,-0.33962139,-0.00019703,-0.00020826
21.4400,0.00259542,0.00257847,0.00023320,0.00023341
21.4600,0.34075515,0.34070941,0.00057235,0.00058327
21.4800,0.44090310,0.44085704,0.00063755,0.00065231
21.5000,0.23890753,0.23889565,0.00038231,0.00038981
21.5200,-0.11998397,-0.11996100,-0.00005904,-0.00006272
21.5400,-0.38632459,-0.38628002,-0.00046257,-0.00047548
21.5600,-0.38300327,-0.38297082,-0.00061981,-0.00063225
21.5800,-0.11759360,-0.11759139,-0.00047713,-0.00048091
21.6000,0.22177277,0.22174608,-0.00012931,-0.00012211
21.6200,0.40000870,0.39997091,0.00023121,0.00024465
21.6400,0.29586874,0.29584888,0.00043445,0.00044382
21.6600,-0.01427652,-0.01427164,0.00042553,0.00042537
21.6800,-0.30938771,-0.30935840,0.00025185,0.00024127
21.7000,-0.38528745,-0.38525924,0.00003775,0.00002527
21.7200,-0.19041653,-0.19040460,-0.00012928,-0.00013568
21.7400,0.13793211,0.13791902,-0.00021190,-0.00020733
21.7600,0.37378139,0.37375256,-0.00024107,-0.00022857
21.7800,0.35520009,0.35517719,-0.00024548,-0.00023401
21.8000,0.09609909,0.09609318,-0.00021754,-0.00021401
21.8200,-0.22238352,-0.22236369,-0.00012802,-0.00013574
21.8400,-0.37922147,-0.37919446,0.00004795,0.00003577
21.8600,-0.26440003,-0.26437911,0.00026114,0.00025208
21.8800,0.03888698,0.03888363,0.00041877,0.00042015
21.9000,0.31789955,0.31787486,0.00040466,0.00041505
21.9200,0.37896727,0.37893662,0.00018283,0.00019519
21.9400,0.18391041,0.18389141,-0.00017434,-0.00016803
21.9600,-0.12855580,-0.12854617,-0.00049922,-0.00050374
21.9800,-0.34317035,-0.34314226,-0.00061229,-0.00062317
22.0000,-0.31508568,-0.31505130,-0.00043771,-0.00044842
22.0200,-0.06990622,-0.06989329,-0.00004178,-0.00004376
22.0400,0.21909811,0.21908400,0.00037680,0.00038378
22.0600,0.34798864,0.34795366,0.00061740,0.00062891
22.0800,0.22572580,0.22569319,0.00056664,0.00057410
22.1000,-0.06570544,-0.06571129,0.00027057,0.00026822
22.1200,-0.32637040,-0.32634773,-0.00010530,-0.00011572
22.1400,-0.37682465,-0.37678273,-0.00037639,-0.00038907
22.1600,-0.18470159,-0.18467348,-0.00042847,-0.00043411
22.1800,0.11656236,0.11656274,-0.00028207,-0.00027847
22.2000,0.31816768,0.31813635,-0.00003898,-0.00002820
22.2200,0.28461288,0.28457470,0.00016881,0.00017806
22.2400,0.04498373,0.04496546,0.00026930,0.00027079
22.2600,-0.23073300,-0.23071890,0.00026245,0.00025492
22.2800,-0.35107084,-0.35103104,0.00019907,0.00018728
22.3000,-0.23272941,-0.23269653,0.00012200,0.00011460
22.3200,0.04300026,0.04300683,0.00003710,0.00003819
22.3400,0.28565920,0.28562917,-0.00006674,-0.00005700
22.3600,0.33075802,0.33071668,-0.00019541,-0.00018474
22.3800,0.14895475,0.14892944,-0.00030428,-0.00029916
22.4000,-0.13223218,-0.13222094,-0.00032223,-0.00032663
22.4200,-0.31763087,-0.31758962,-0.00019634,-0.00020683
22.4400,-0.27986361,-0.27982376,0.00005592,0.00004679
22.4600,-0.04546333,-0.04545087,0.00032864,0.00032689
22.4800,0.22358297,0.22355377,0.00048143,0.00048896
22.5000,0.34382235,0.34377526,0.00040724,0.00041826
22.5200,0.23494075,0.23490495,0.00011891,0.00012685
22.5400,-0.02469625,-0.02469272,-0.00025815,-0.00025913
22.5600,-0.25555709,-0.25551807,-0.00053411,-0.00054239
22.5800,-0.29984549,-0.29979877,-0.00056803,-0.00057788
22.6000,-0.13188474,-0.13186179,-0.00033938,-0.00034375
22.6200,0.12645845,0.12643916,0.00004004,0.00004432
22.6400,0.29613094,0.29608693,0.00037905,0.00038861
22.6600,0.26133015,0.26128929,0.00052381,0.00053253
22.6800,0.04966390,0.04965761,0.00042305,0.00042446
22.7000,-0.18913582,-0.18910684,0.00015239,0.00014624
22.7200,-0.28686589,-0.28682269,-0.00014828,-0.00015783
22.7400,-0.17679823,-0.17677236,-0.00034820,-0.00035398
22.7600,0.06178011,0.06176952,-0.00038749,-0.00038540
22.7800,0.26357224,0.26353605,-0.00029445,-0.00028579
22.8000,0.28877676,0.28873941,-0.00013623,-0.00012662
22.8200,0.11980390,0.11979491,0.00002090,0.00002476
22.8400,-0.12876630,-0.12874362,0.00014870,0.00014451
22.8600,-0.28646916,-0.28643065,0.00024057,0.00023103
22.8800,-0.24601630,-0.24599125,0.00028774,0.00027963
22.9000,-0.03702656,-0.03703300,0.00026888,0.00026760
22.9200,0.19784242,0.19781038,0.00015243,0.00015894
22.9400,0.29858685,0.29855109,-0.00005450,-0.00004467
22.9600,0.19882599,0.19881344,-0.00029398,-0.00028738
22.9800,-0.03337721,-0.03335988,-0.00045654,-0.00045760
23.0000,-0.24165245,-0.24161642,-0.00043854,-0.00044644
23.0200,-0.28594763,-0.28591901,-0.00021258,-0.00022197
23.0400,-0.13761557,-0.13761267,0.00014554,0.00014096
23.0600,0.10341119,0.10338718,0.00046898,0.00047238
23.0800,0.27132027,0.27128641,0.00059574,0.00060454
23.1000,0.25095039,0.25092963,0.00045014,0.00045845
23.1200,0.05873076,0.05873513,0.00009064,0.00009246
23.1400,-0.16906104,-0.16903574,-0.00031170,-0.00031716
23.1600,-0.27163734,-0.27160976,-0.00057043,-0.00057940
23.1800,-0.17753084,-0.17751820,-0.00056696,-0.00057273
23.2000,0.04769974,0.04768990,-0.00032438,-0.00032276
23.2200,0.24618545,0.24616201,0.00003009,0.00003813
23.2400,0.27996850,0.27994655,0.00032456,0.00033388
23.2600,0.12167576,0.12166952,0.00044493,0.00044875
23.2800,-0.12428556,-0.12427414,0.00037905,0.00037507
23.3000,-0.28918489,-0.28916421,0.00019204,0.00018237
23.3200,-0.26295535,-0.26293895,-0.00001164,-0.00002020
23.3400,-0.06797830,-0.06797624,-0.00015903,-0.00016127
23.3600,0.16026231,0.16025081,-0.00022647,-0.00022113
23.3800,0.26551912,0.26550163,-0.00023088,-0.00022201
23.4000,0.17672459,0.17671416,-0.00018772,-0.00018194
23.4200,-0.04221788,-0.04221518,-0.00009980,-0.00010103
23.4400,-0.23829149,-0.23827596,0.00003665,0.00002866
23.4600,-0.27510714,-0.27508924,0.00020283,0.00019389
23.4800,-0.12507952,-0.12507050,0.00033938,0.00033509
23.5000,0.11001628,0.11000959,0.00036735,0.00037104
23.5200,0.26682261,0.26680328,0.00023570,0.00024441
23.5400,0.23602441,0.23600498,-0.00002790,-0.00002009
23.5600,0.04131430,0.04130712,-0.00031919,-0.00031776
23.5800,-0.17954155,-0.17952949,-0.00049376,-0.00049972
23.6000,-0.27141060,-0.27138695,-0.00045142,-0.00046019
23.6200,-0.17202936,-0.17200799,-0.00019329,-0.00019910
23.6400,0.04659959,0.04660293,0.00016533,0.00016702
23.6600,0.23051945,0.23050204,0.00044966,0.00045706
23.6800,0.25180939,0.25178117,0.00052467,0.00053303
23.7000,0.09849031,0.09846992,0.00035695,0.00036007
23.7200,-0.12054313,-0.12054107,0.00003895,0.00003498
23.7400,-0.25155696,-0.25153380,-0.00027289,-0.00028112
23.7600,-0.20340637,-0.20337647,-0.00043823,-0.00044500
23.7800,-0.00988719,-0.00987257,-0.00040485,-0.00040500
23.8000,0.19544326,0.19543310,-0.00022086,-0.00021457
23.8200,0.27288872,0.27285912,0.00000939,0.00001854
23.8400,0.17017807,0.17015024,0.00018194,0.00018738
23.8600,-0.04555454,-0.04556093,0.00025624,0.00025479
23.8800,-0.22747643,-0.22745692,0.00024059,0.00023303
23.9000,-0.25307451,-0.25304208,0.00017299,0.00016459
23.9200,-0.10897083,-0.10895041,0.00008578,0.00008227
23.9400,0.10386247,0.10385721,-0.00001452,-0.00001120
23.9600,0.23891776,0.23888883,-0.00012227,-0.00011423
23.9800,0.20596320,0.20593287,-0.00022414,-0.00021746
24.0000,0.03151987,0.03151023,-0.00027248,-0.00027130
24.0200,-0.15987635,-0.15985746,-0.00022513,-0.00023045
24.0400,-0.23648993,-0.23645497,-0.00006640,-0.00007419
24.0600,-0.14730756,-0.14728328,0.00015454,0.00014970
24.0800,0.04404564,0.04404261,0.00033829,0.00033961
24.1000,0.20286475,0.20283390,0.00038674,0.00039349
24.1200,0.22006674,0.22003140,0.00025264,0.00025975
24.1400,0.08581326,0.08579761,-0.00001098,-0.00000805
24.1600,-0.10468173,-0.10466576,-0.00028562,-0.00028910
24.1800,-0.22019890,-0.22016223,-0.00043182,-0.00043901
24.2000,-0.18038272,-0.18035251,-0.00037870,-0.00038459
24.2200,-0.01287294,-0.01286891,-0.00015409,-0.00015456
24.2400,0.16437664,0.16434986,0.00012861,0.00013411
24.2600,0.22605806,0.22602221,0.00033250,0.00033981
24.2800,0.12661321,0.12659210,0.00037606,0.00038030
24.3000,-0.06577964,-0.06577004,0.00025692,0.00025465
24.3200,-0.21829006,-0.21825789,0.00005715,0.00004999
24.3400,-0.22312786,-0.22309720,-0.00012623,-0.00013355
24.3600,-0.07731111,-0.07730228,-0.00022154,-0.00022412
24.3800,0.11744065,0.11742015,-0.00021720,-0.00021319
24.4000,0.22712904,0.22709788,-0.00014983,-0.00014244
24.4200,0.17691152,0.17689017,-0.00006004,-0.00005407
24.4400,0.00438852,0.00439450,0.00001989,0.00001992
24.4600,-0.16977654,-0.16974986,0.00009304,0.00008748
24.4800,-0.22362223,-0.22359442,0.00015563,0.00014823
24.5000,-0.12221682,-0.12220757,0.00019655,0.00019244
24.5200,0.06055514,0.06053782,0.00018368,0.00018576
24.5400,0.19514943,0.19512115,0.00009404,0.00010035
24.5600,0.18598505,0.18596363,-0.00005833,-0.00005202
24.5800,0.03881720,0.03882105,-0.00021572,-0.00021452
24.6000,-0.14550782,-0.14548387,-0.00028997,-0.00029461
24.6200,-0.23943210,-0.23940309,-0.00022518,-0.00023307
24.6400,-0.17993522,-0.17992135,-0.00002884,-0.00003475
24.6600,-0.00914464,-0.00915495,0.00021394,0.00021370
24.6800,0.15659070,0.15656623,0.00038136,0.00038638
24.7000,0.20793173,0.20790789,0.00038028,0.00038723
24.7200,0.11619663,0.11619199,0.00019707,0.00020072
24.7400,-0.05136010,-0.05134673,-0.00007963,-0.00008121
24.7600,-0.17573851,-0.17571517,-0.00032086,-0.00032673
24.7800,-0.17126215,-0.17124661,-0.00041220,-0.00041777
24.8000,-0.04318668,-0.04318802,-0.00032027,-0.00032164
24.8200,0.11616354,0.11614837,-0.00010083,-0.00009705
24.8400,0.19283462,0.19281543,0.00013744,0.00014390
24.8600,0.13263744,0.13262949,0.00028997,0.00029418
24.8800,-0.02055671,-0.02055187,0.00031240,0.00031181
24.9000,-0.15593949,-0.15592409,0.00021523,0.00020995
24.9200,-0.17924938,-0.17923680,0.00006309,0.00005722
24.9400,-0.07422821,-0.07422565,-0.00008439,-0.00008684
24.9600,0.08565442,0.08564574,-0.00018768,-0.00018489
24.9800,0.18956256,0.18954827,-0.00023565,-0.00022928
25.0000,0.16652530,0.16651691,-0.00022929,-0.00022390
25.0200,0.03292084,0.03292140,-0.00016451,-0.00016329
25.0400,-0.11774855,-0.11773726,-0.00004787,-0.00005187
25.0600,-0.18226321,-0.18225121,0.00010611,0.00010016
25.0800,-0.11631274,-0.11630639,0.00024719,0.00024328
25.1000,0.03376628,0.03376165,0.00031221,0.00031324
25.1200,0.16570178,0.16568837,0.00024904,0.00025453
25.1400,0.18997297,0.18995991,0.00005913,0.00006524
25.1600,0.09093524,0.09092858,-0.00018669,-0.00018354
25.1800,-0.06197394,-0.06196742,-0.00038219,-0.00038435
25.2000,-0.16446338,-0.16444987,-0.00042096,-0.00042623
25.2200,-0.14661189,-0.14659750,-0.00027667,-0.00028155
25.2400,-0.02409934,-0.02409469,-0.00000349,-0.00000428
25.2600,0.11615007,0.11614190,0.00027088,0.00027473
25.2800,0.17529876,0.17528299,0.00042156,0.00042718
25.3000,0.11269945,0.11268423,0.00038220,0.00038603
25.3200,-0.02603445,-0.02603706,0.00017687,0.00017581
25.3400,-0.14336849,-0.14335918,-0.00008829,-0.00009286
25.3600,-0.15612268,-0.15610497,-0.00029822,-0.00030347
25.3800,-0.05619114,-0.05617879,-0.00036797,-0.00036973
25.4000,0.08790055,0.08790005,-0.00029270,-0.00028977
25.4200,0.17597583,0.17596252,-0.00012421,-0.00011849
25.4400,0.14655515,0.14653697,0.00005803,0.00006300
25.4600,0.01775837,0.01774999,0.00019008,0.00019045
25.4800,-0.12404048,-0.12403538,0.00025119,0.00024726
25.5000,-0.17996997,-0.17995234,0.00023489,0.00022877
25.5200,-0.11389000,-0.11387474,0.00016325,0.00015958
25.5400,0.02643502,0.02643800,0.00004921,0.00005006
25.5600,0.14098452,0.14097229,-0.00008368,-0.00007905
25.5800,0.14924892,0.14922973,-0.00020403,-0.00019895
25.6000,0.04673682,0.04672686,-0.00026796,-0.00026655
25.6200,-0.09271509,-0.09270970,-0.00023206,-0.00023488
25.6400,-0.16903872,-0.16901816,-0.00009459,-0.00010035
25.6600,-0.12918855,-0.12916972,0.00010943,0.00010531
25.6800,-0.00037495,-0.00036995,0.00028944,0.00028930
25.7000,0.12706621,0.12705167,0.00036058,0.00036473
25.7200,0.16639359,0.16636890,0.00027092,0.00027644
25.7400,0.09192491,0.09190848,0.00005130,0.00005418
25.7600,-0.04334184,-0.04334010,-0.00020151,-0.00020272
25.7800,-0.14530488,-0.14528296,-0.00037221,-0.00037718
25.8000,-0.14655420,-0.14653005,-0.00037389,-0.00037847
25.8200,-0.04873576,-0.04872358,-0.00021025,-0.00021198
25.8400,0.07777938,0.07776924,0.00004390,0.00004657
25.8600,0.14524629,0.14522222,0.00026694,0.00027169
25.8800,0.10626500,0.10624456,0.00036735,0.00037075
25.9000,-0.01118263,-0.01118630,0.00031320,0.00031294
25.9200,-0.12292742,-0.12290985,0.00014310,0.00013882
25.9400,-0.14808591,-0.14806324,-0.00005849,-0.00006315
25.9600,-0.06639089,-0.06637682,-0.00021697,-0.00021936
25.9800,0.06399946,0.06399224,-0.00028121,-0.00027890
26.0000,0.15230457,0.15228386,-0.00025203,-0.00024708
26.0200,0.13682148,0.13680206,-0.00015208,-0.00014753
26.0400,0.02833222,0.02832827,-0.00001909,-0.00001809
26.0600,-0.09960405,-0.09958838,0.00011518,0.00011175
26.0800,-0.16103403,-0.16101275,0.00022501,0.00021985
26.1000,-0.11327681,-0.11326312,0.00027506,0.00027110
26.1200,0.01072529,0.01071829,0.00024103,0.00024154
26.1400,0.12594482,0.12592457,0.00011315,0.00011714
26.1600,0.15269124,0.15267071,-0.00007618,-0.00007103
26.1800,0.07305557,0.07305065,-0.00026139,-0.00025899
26.2000,-0.05729114,-0.05727659,-0.00035784,-0.00035971
26.2200,-0.14761107,-0.14758834,-0.00030759,-0.00031235
26.2400,-0.13491187,-0.13489510,-0.00011774,-0.00012229
26.2600,-0.02929897,-0.02930197,0.00013879,0.00013796
26.2800,0.09483261,0.09481471,0.00034624,0.00034918
26.3000,0.15025714,0.15023487,0.00040724,0.00041228
26.3200,0.09909332,0.09908354,0.00028869,0.00029183
26.3400,-0.02233991,-0.02233215,0.00004594,0.00004525
26.3600,-0.12927583,-0.12925663,-0.00020808,-0.00021233
26.3800,-0.14797389,-0.14795607,-0.00036032,-0.00036517
26.4000,-0.06786431,-0.06786073,-0.00034757,-0.00034969
26.4200,0.05342462,0.05341478,-0.00018904,-0.00018733
26.4400,0.13090534,0.13088838,0.00003514,0.00003957
26.4600,0.11214986,0.11213983,0.00022452,0.00022810
26.4800,0.01258645,0.01258825,0.00031121,0.00031167
26.5000,-0.09538786,-0.09537591,0.00027650,0.00027326
26.5200,-0.13534472,-0.13533225,0.00015157,0.00014711
26.5400,-0.08023690,-0.08023325,-0.00000733,-0.00000997
26.5600,0.03137396,0.03136772,-0.00014954,-0.00014851
26.5800,0.12248758,0.12247528,-0.00023980,-0.00023568
26.6000,0.13128347,0.13127560,-0.00026125,-0.00025695
26.6200,0.05196323,0.05196388,-0.00020623,-0.00020444
26.6400,-0.05982289,-0.05981341,-0.00008386,-0.00008588
26.6600,-0.12583394,-0.12582318,0.00007758,0.00007344
26.6800,-0.09929418,-0.09928960,0.00022821,0.00022487
26.7000,0.00209417,0.00208952,0.00030411,0.00030414
26.7200,0.10724245,0.10723070,0.00026168,0.00026517
26.7400,0.14331943,0.14330883,0.00009863,0.00010333
26.7600,0.08542280,0.08541888,-0.00012695,-0.00012412
26.7800,-0.02569774,-0.02569189,-0.00032079,-0.00032161
26.8000,-0.11302791,-0.11301670,-0.00038970,-0.00039339
26.8200,-0.11665569,-0.11664572,-0.00029296,-0.00029678
26.8400,-0.03565025,-0.03564757,-0.00006849,-0.00006966
26.8600,0.07160671,0.07160026,0.00018631,0.00018864
26.8800,0.13065980,0.13064854,0.00035534,0.00035962
26.9000,0.10092556,0.10091556,0.00036554,0.00036879
26.9200,0.00345961,0.00345721,0.00021837,0.00021848
26.9400,-0.09466396,-0.09465791,-0.00001159,-0.00001475
26.9600,-0.12583749,-0.12582661,-0.00021906,-0.00022315
26.9800,-0.06875560,-0.06874675,-0.00032246,-0.00032472
27.0000,0.03559630,0.03559753,-0.00029053,-0.00028930
27.0200,0.11375194,0.11374521,-0.00015497,-0.00015119
27.0400,0.11065602,0.11064576,0.00002088,0.00002450
27.0600,0.02894699,0.02894042,0.00016926,0.00017025
27.0800,-0.07497014,-0.07496852,0.00024959,0.00024703
27.1000,-0.13025740,-0.13024867,0.00024957,0.00024532
27.1200,-0.10060665,-0.10059672,0.00017886,0.00017547
27.1400,-0.00893209,-0.00892832,0.00006182,0.00006160
27.1600,0.07961470,0.07960987,-0.00007322,-0.00007060
27.1800,0.10362356,0.10361342,-0.00018790,-0.00018443
27.2000,0.04966899,0.04966141,-0.00024582,-0.00024412
27.2200,-0.04266106,-0.04265970,-0.00021569,-0.00021711
27.2400,-0.10864609,-0.10863599,-0.00009460,-0.00009808
27.2600,-0.10246727,-0.10245464,0.00008117,0.00007769
27.2800,-0.02865200,-0.02864647,0.00024448,0.00024360
27.3000,0.06164716,0.06164146,0.00031870,0.00032062
27.3200,0.10584299,0.10582882,0.00026312,0.00026664
27.3400,0.07455282,0.07454013,0.00009061,0.00009303
27.3600,-0.00908470,-0.00908682,-0.00012600,-0.00012629
27.3800,-0.08460327,-0.08459294,-0.00029268,-0.00029540
27.4000,-0.09791219,-0.09789581,-0.00033472,-0.00033799
27.4200,-0.03979230,-0.03978180,-0.00023455,-0.00023576
27.4400,0.04946677,0.04946456,-0.00004217,-0.00004065
27.4600,0.10903217,0.10901786,0.00015482,0.00015848
27.4800,0.09895343,0.09893725,0.00026954,0.00027269
27.5000,0.02470178,0.02469454,0.00026341,0.00026422
27.5200,-0.06363372,-0.06362733,0.00015235,0.00015023
27.5400,-0.10526645,-0.10525112,-0.00000613,-0.00000964
27.5600,-0.07175080,-0.07173834,-0.00014447,-0.00014676
27.5800,0.01248643,0.01248780,-0.00021742,-0.00021706
27.6000,0.08705894,0.08704800,-0.00020778,-0.00020480
27.6200,0.10023703,0.10022282,-0.00013450,-0.00013125
27.6400,0.04269050,0.04268345,-0.00002595,-0.00002448
27.6600,-0.04706462,-0.04705921,0.00008532,0.00008375
27.6800,-0.10980579,-0.10979150,0.00017530,0.00017166
27.7000,-0.10287623,-0.10286425,0.00022000,0.00021664
27.7200,-0.03072224,-0.03072062,0.00019938,0.00019828
27.7400,0.05651765,0.05650684,0.00011292,0.00011485
27.7600,0.09971873,0.09970423,-0.00002503,-0.00002179
27.7800,0.06907798,0.06907017,-0.00016530,-0.00016295
27.8000,-0.01288205,-0.01287713,-0.00025276,-0.00025317
27.8200,-0.08779836,-0.08778338,-0.00023920,-0.00024210
27.8400,-0.10066979,-0.10065618,-0.00012118,-0.00012444
27.8600,-0.03978031,-0.03977652,0.00005616,0.00005475
27.8800,0.05408245,0.05407223,0.00021602,0.00021786
27.9000,0.11550255,0.11548644,0.00027884,0.00028252
27.9200,0.09832711,0.09831519,0.00021759,0.00022086
27.9400,0.01309442,0.01309486,0.00005614,0.00005656
27.9600,-0.08288464,-0.08287210,-0.00012528,-0.00012803
27.9800,-0.12313553,-0.12312081,-0.00024375,-0.00024770
28.0000,-0.08045439,-0.08044559,-0.00024781,-0.00025054
28.0200,0.01434796,0.01434353,-0.00014087,-0.00014024
28.0400,0.09563480,0.09562308,0.00001556,0.00001859
28.0600,0.10705002,0.10703789,0.00015358,0.00015719
28.0800,0.04387058,0.04386717,0.00021230,0.00021368
28.1000,-0.04846885,-0.04846209,0.00018407,0.00018242
28.1200,-0.10453000,-0.10451941,0.00009157,0.00008818
28.1400,-0.08565227,-0.08564389,-0.00001799,-0.00002096
28.1600,-0.00462053,-0.00462242,-0.00010630,-0.00010629
28.1800,0.08399875,0.08399090,-0.00015684,-0.00015424
28.2000,0.11967120,0.11966057,-0.00016242,-0.00015831
28.2200,0.07958865,0.07958461,-0.00013203,-0.00012951
28.2400,-0.00836842,-0.00836462,-0.00006661,-0.00006685
28.2600,-0.08210075,-0.08209210,0.00001966,0.00001696
28.2800,-0.09128275,-0.09127468,0.00010907,0.00010593
28.3000,-0.03068743,-0.03068781,0.00016892,0.00016803
28.3200,0.05671098,0.05670480,0.00016551,0.00016716
28.3400,0.10897623,0.10896513,0.00008924,0.00009300
28.3600,0.08982071,0.08981481,-0.00004283,-0.00004004
28.3800,0.01147812,0.01147891,-0.00017250,-0.00017198
28.4000,-0.07147537,-0.07146701,-0.00024075,-0.00024314
28.4200,-0.10253947,-0.10252916,-0.00020469,-0.00020807
28.4400,-0.06083137,-0.06082668,-0.00007525,-0.00007716
28.4600,0.02375109,0.02374921,0.00009144,0.00009205
28.4800,0.09211626,0.09210618,0.00021923,0.00022243
28.5000,0.09809042,0.09808160,0.00024488,0.00024788
28.5200,0.03751046,0.03750529,0.00016158,0.00016297
28.5400,-0.04794876,-0.04794468,0.00000922,0.00000750
28.5600,-0.10106009,-0.10105101,-0.00013511,-0.00013835
28.5800,-0.08611974,-0.08611102,-0.00021035,-0.00021316
28.6000,-0.01441335,-0.01440961,-0.00018853,-0.00018905
28.6200,0.06486477,0.06485950,-0.00009204,-0.00008975
28.6400,0.09806106,0.09805320,0.00002745,0.00003050
28.6600,0.06379281,0.06378450,0.00012000,0.00012228
28.6800,-0.01200385,-0.01200406,0.00015313,0.00015251
28.7000,-0.07581027,-0.07580513,0.00013056,0.00012817
28.7200,-0.08036171,-0.08035346,0.00006677,0.00006401
28.7400,-0.02171035,-0.02170579,-0.00001163,-0.00001234
28.7600,0.05770525,0.05770197,-0.00008519,-0.00008324
28.7800,0.10009883,0.10009148,-0.00013752,-0.00013432
28.8000,0.07412242,0.07411369,-0.00015410,-0.00015147
28.8200,-0.00340378,-0.00340432,-0.00012513,-0.00012540
28.8400,-0.07999101,-0.07998552,-0.00004567,-0.00004811
28.8600,-0.10354896,-0.10353818,0.00006370,0.00006013
28.8800,-0.06051069,-0.06050397,0.00017007,0.00016817
28.9000,0.01877796,0.01877644,0.00022245,0.00022302
28.9200,0.07880239,0.07879366,0.00018989,0.00019245
28.9400,0.07778904,0.07777754,0.00007537,0.00007804
28.9600,0.01703170,0.01702816,-0.00007789,-0.00007745
28.9800,-0.06101269,-0.06100807,-0.00019905,-0.00020086
29.0000,-0.10120148,-0.10118821,-0.00023278,-0.00023625
29.0200,-0.07648981,-0.07647920,-0.00015693,-0.00015928
29.0400,-0.00435656,-0.00435390,-0.00000818,-0.00000841
29.0600,0.06430367,0.06429577,0.00014713,0.00014928
29.0800,0.08251619,0.08250296,0.00023723,0.00023996
29.1000,0.03901105,0.03900307,0.00022488,0.00022607
29.1200,-0.03532202,-0.03532135,0.00012355,0.00012250
29.1400,-0.08841440,-0.08840291,-0.00001722,-0.00002026
29.1600,-0.08404963,-0.08403812,-0.00013263,-0.00013524
29.1800,-0.02507593,-0.02506990,-0.00018267,-0.00018359
29.2000,0.04732402,0.04731895,-0.00015623,-0.00015456
29.2200,0.08404515,0.08403392,-0.00007809,-0.00007534
29.2400,0.06071395,0.06070515,0.00001630,0.00001829
29.2600,-0.00497250,-0.00497364,0.00009456,0.00009445
29.2800,-0.06584009,-0.06583106,0.00013608,0.00013379
29.3000,-0.07957127,-0.07956143,0.00013698,0.00013446
29.3200,-0.03725437,-0.03724871,0.00009708,0.00009572
29.3400,0.03010219,0.03009715,0.00002850,0.00002958
29.3600,0.07638653,0.07637611,-0.00005657,-0.00005411
29.3800,0.07054380,0.07053488,-0.00013213,-0.00012976
29.4000,0.01720013,0.01719930,-0.00016999,-0.00016939
29.4200,-0.04691447,-0.04690540,-0.00014588,-0.00014746
29.4400,-0.07762811,-0.07761731,-0.00005896,-0.00006143
29.4600,-0.05349508,-0.05348810,0.00006181,0.00005993
29.4800,0.00868752,0.00868318,0.00016725,0.00016761
29.5000,0.06605727,0.06604670,0.00020554,0.00020760
29.5200,0.07765775,0.07764657,0.00015495,0.00015756
29.5400,0.03474435,0.03474124,0.00003315,0.00003426
29.5600,-0.03313936,-0.03313248,-0.00010545,-0.00010654
29.5800,-0.07839598,-0.07838478,-0.00019719,-0.00019971
29.6000,-0.06970645,-0.06969713,-0.00020108,-0.00020342
29.6200,-0.01427078,-0.01427133,-0.00011515,-0.00011552
29.6400,0.04943224,0.04942492,0.00001605,0.00001760
29.6600,0.07722780,0.07721716,0.00013366,0.00013627
29.6800,0.05001740,0.05001236,0.00018656,0.00018814
29.7000,-0.01407797,-0.01407524,0.00016194,0.00016149
29.7200,-0.07027179,-0.07026361,0.00007915,0.00007684
29.7400,-0.07895016,-0.07894192,-0.00002099,-0.00002362
29.7600,-0.03412474,-0.03412331,-0.00009824,-0.00009930
29.7800,0.03347580,0.03347163,-0.00013230,-0.00013124
29.8000,0.07682784,0.07681968,-0.00012051,-0.00011790
29.8200,0.06738781,0.06738338,-0.00007636,-0.00007419
29.8400,0.01433152,0.01433235,-0.00001606,-0.00001556
29.8600,-0.04362152,-0.04361562,0.00004459,0.00004312
29.8800,-0.06647460,-0.06646839,0.00009319,0.00009096
29.9000,-0.03859425,-0.03859284,0.00011543,0.00011416
29.9200,0.02045705,0.02045356,0.00009738,0.00009798
29.9400,0.06853632,0.06852872,0.00003787,0.00004018
29.9600,0.07120098,0.07119608,-0.00004893,-0.00004663
29.9800,0.02585873,0.02585819,-0.00012816,-0.00012724
30.0000,-0.03530983,-0.03530438,-0.00016437,-0.00016554
30.0200,-0.06993220,-0.06992517,-0.00013241,-0.00013470
30.0400,-0.05470510,-0.05470091,-0.00003944,-0.00004121
30.0600,-0.00197792,-0.00197873,0.00007712,0.00007700
30.0800,0.05012609,0.05011987,0.00016541,0.00016710
30.1000,0.06589599,0.06588980,0.00018214,0.00018423
30.1200,0.03551445,0.03551054,0.00011931,0.00012052
30.1400,-0.01897436,-0.01897216,0.00000441,0.00000374
30.1600,-0.06023967,-0.06023411,-0.00010720,-0.00010916
30.1800,-0.05980306,-0.05979697,-0.00016757,-0.00016951
30.2000,-0.01857877,-0.01857605,-0.00015346,-0.00015408
30.2200,0.03456536,0.03456277,-0.00007762,-0.00007642
30.2400,0.06318311,0.06317806,0.00002120,0.00002322
30.2600,0.04779064,0.04778519,0.00010115,0.00010278
30.2800,-0.00015779,-0.00015868,0.00013328,0.00013320
30.3000,-0.04740199,-0.04739932,0.00011527,0.00011373
30.3200,-0.06078071,-0.06077538,0.00006105,0.00005902
30.3400,-0.03067016,-0.03066665,-0.00000635,-0.00000737
30.3600,0.02269144,0.02269076,-0.00006679,-0.00006601
30.3800,0.06276224,0.06275812,-0.00010708,-0.00010505
30.4000,0.06146086,0.06145532,-0.00011809,-0.00011599
30.4200,0.01886520,0.01886341,-0.00009559,-0.00009502
30.4400,-0.03646968,-0.03646753,-0.00003918,-0.00004031
30.4600,-0.06614792,-0.06614180,0.00003752,0.00003528
30.4800,-0.04857638,-0.04857171,0.00011076,0.00010917
30.5000,0.00517974,0.00518006,0.00014729,0.00014743
30.5200,0.05601414,0.05600913,0.00012619,0.00012800
30.5400,0.06609709,0.06608969,0.00004885,0.00005107
30.5600,0.02965517,0.02965124,-0.00005624,-0.00005533
30.5800,-0.02293302,-0.02293175,-0.00014634,-0.00014701
30.6000,-0.05301610,-0.05300904,-0.00018112,-0.00018292
30.6200,-0.04351111,-0.04350423,-0.00013843,-0.00013980
30.6400,-0.00282849,-0.00282545,-0.00003602,-0.00003614
30.6600,0.04002131,0.04001742,0.00007780,0.00007913
30.6800,0.05062504,0.05061728,0.00015705,0.00015871
30.7000,0.02058547,0.02057942,0.00017238,0.00017301
30.7200,-0.02285094,-0.02285159,0.00011844,0.00011772
30.7400,-0.04737720,-0.04737138,0.00001961,0.00001798
30.7600,-0.04039807,-0.04039092,-0.00007521,-0.00007647
30.7800,-0.00818509,-0.00818063,-0.00013342,-0.00013372
30.8000,0.02854449,0.02854243,-0.00013787,-0.00013690
30.8200,0.04755876,0.04755217,-0.00009791,-0.00009630
30.8400,0.03426005,0.03425412,-0.00002895,-0.00002788
30.8600,-0.00311883,-0.00312019,0.00004771,0.00004768
30.8800,-0.03648870,-0.03648375,0.00010193,0.00010064
30.9000,-0.04466401,-0.04465751,0.00012603,0.00012459
30.9200,-0.02243650,-0.02243289,0.00010848,0.00010772
30.9400,0.01393709,0.01393466,0.00005442,0.00005485
30.9600,0.03873544,0.03872852,-0.00002170,-0.00002035
30.9800,0.03490477,0.03489928,-0.00009452,-0.00009345
31.0000,0.00624227,0.00624155,-0.00013505,-0.00013472
31.0200,-0.02588015,-0.02587420,-0.00012807,-0.00012901
31.0400,-0.04051494,-0.04050755,-0.00006553,-0.00006678
31.0600,-0.02875094,-0.02874657,0.00002710,0.00002611
31.0800,0.00067498,0.00067281,0.00011661,0.00011662
31.1000,0.02915600,0.02914861,0.00015939,0.00016039
31.1200,0.03692722,0.03692064,0.00013837,0.00013947
31.1400,0.01858713,0.01858461,0.00005846,0.00005921
31.1600,-0.01298873,-0.01298389,-0.00004645,-0.00004703
31.1800,-0.03592062,-0.03591386,-0.00012939,-0.00013040
31.2000,-0.03385012,-0.03384453,-0.00015855,-0.00015977
31.2200,-0.00915228,-0.00915274,-0.00012001,-0.00012022
31.2400,0.02133019,0.02132511,-0.00003552,-0.00003482
31.2600,0.03573025,0.03572474,0.00006025,0.00006137
31.2800,0.02453367,0.02453068,0.00012630,0.00012722
31.3000,-0.00405691,-0.00405399,0.00013989,0.00013958
31.3200,-0.02990711,-0.02990306,0.00010219,0.00010138
31.3400,-0.03479993,-0.03479576,0.00002879,0.00002745
31.3600,-0.01624241,-0.01624318,-0.00004709,-0.00004746
31.3800,0.01318165,0.01317849,-0.00010312,-0.00010278
31.4000,0.03282581,0.03282214,-0.00011991,-0.00011877
31.4200,0.02975867,0.02975736,-0.00009821,-0.00009719
31.4400,0.00595028,0.00595321,-0.00004332,-0.00004322
31.4600,-0.02189837,-0.02189521,0.00002665,0.00002608
31.4800,-0.03420333,-0.03420012,0.00008853,0.00008721
31.5000,-0.02289176,-0.02289332,0.00012351,0.00012294
31.5200,0.00442357,0.00442072,0.00011415,0.00011411
31.5400,0.02821946,0.02821550,0.00006217,0.00006323
31.5600,0.03242766,0.03242636,-0.00001917,-0.00001817
31.5800,0.01392613,0.01392804,-0.00009701,-0.00009654
31.6000,-0.01415106,-0.01414815,-0.00014045,-0.00014083
31.6200,-0.03225844,-0.03225480,-0.00012847,-0.00012964
31.6400,-0.02806843,-0.02806839,-0.00006122,-0.00006197
31.6600,-0.00431825,-0.00431897,0.00003260,0.00003227
31.6800,0.02203765,0.02203445,0.00011538,0.00011626
31.7000,0.03316907,0.03316728,0.00014880,0.00014974
31.7200,0.02113094,0.02113003,0.00012123,0.00012200
31.7400,-0.00530596,-0.00530549,0.00004307,0.00004286
31.7600,-0.02784309,-0.02784115,-0.00004992,-0.00005086
31.7800,-0.03093246,-0.03093148,-0.00011800,-0.00011892
31.8000,-0.01238889,-0.01238709,-0.00013646,-0.00013699
31.8200,0.01448454,0.01448403,-0.00009999,-0.00009934
31.8400,0.03137681,0.03137668,-0.00002938,-0.00002849
31.8600,0.02630673,0.02630498,0.00004786,0.00004886
31.8800,0.00326058,0.00325942,0.00010052,0.00010052
31.9000,-0.02186535,-0.02186575,0.00011501,0.00011432
31.9200,-0.03157482,-0.03157455,0.00008945,0.00008840
31.9400,-0.01918313,-0.01918121,0.00003507,0.00003438
31.9600,0.00637412,0.00637462,-0.00002863,-0.00002832
31.9800,0.02758475,0.02758536,-0.00008283,-0.00008202
32.0000,0.02946712,0.02946531,-0.00010929,-0.00010818
32.0200,0.01117940,0.01117826,-0.00010022,-0.00009995
32.0400,-0.01471544,-0.01471601,-0.00005411,-0.00005450
32.0600,-0.03006759,-0.03006633,0.00001457,0.00001352
32.0800,-0.02435232,-0.02434975,0.00008205,0.00008125
32.1000,-0.00177556,-0.00177457,0.00012250,0.00012245
32.1200,0.02209989,0.02209956,0.00011575,0.00011641
32.1400,0.03046230,0.03045872,0.00006186,0.00006293
32.1600,0.01792629,0.01792351,-0.00002136,-0.00002085
32.1800,-0.00694137,-0.00694269,-0.00009775,-0.00009789
32.2000,-0.02661848,-0.02661594,-0.00013605,-0.00013698
32.2200,-0.02762522,-0.02762068,-0.00011780,-0.00011865
